file,page,language,orig_page
train_part_1//0001/010003.gt.txt,0001,mns,7
train_part_1//0001/010004.gt.txt,0001,mns,7
train_part_1//0001/010005.gt.txt,0001,mns,7
train_part_1//0001/010006.gt.txt,0001,mns,7
train_part_1//0001/010007.gt.txt,0001,mns,7
train_part_1//0001/010008.gt.txt,0001,mns,7
train_part_1//0001/010009.gt.txt,0001,mns,7
train_part_1//0001/01000a.gt.txt,0001,mns,7
train_part_1//0001/01000b.gt.txt,0001,mns,7
train_part_1//0001/01000c.gt.txt,0001,mns,7
train_part_1//0001/01000d.gt.txt,0001,mns,7
train_part_1//0001/01000e.gt.txt,0001,mns,7
train_part_1//0001/01000f.gt.txt,0001,mns,7
train_part_1//0001/010010.gt.txt,0001,mns,7
train_part_1//0001/010011.gt.txt,0001,mns,7
train_part_1//0001/010012.gt.txt,0001,mns,7
train_part_1//0001/010013.gt.txt,0001,mns,7
train_part_1//0001/010014.gt.txt,0001,mns,7
train_part_1//0001/010015.gt.txt,0001,mns,7
train_part_1//0001/010016.gt.txt,0001,mns,7
train_part_1//0001/010017.gt.txt,0001,mns,7
train_part_1//0001/010018.gt.txt,0001,mns,7
train_part_1//0001/010019.gt.txt,0001,mns,7
train_part_1//0001/01001a.gt.txt,0001,mns,7
train_part_1//0002/010001.gt.txt,0002,mns,8
train_part_1//0002/010002.gt.txt,0002,mns,8
train_part_1//0002/010003.gt.txt,0002,mns,8
train_part_1//0002/010004.gt.txt,0002,mns,8
train_part_1//0002/010005.gt.txt,0002,mns,8
train_part_1//0002/010006.gt.txt,0002,mns,8
train_part_1//0002/010007.gt.txt,0002,mns,8
train_part_1//0002/010008.gt.txt,0002,mns,8
train_part_1//0002/010009.gt.txt,0002,mns,8
train_part_1//0002/01000a.gt.txt,0002,mns,8
train_part_1//0002/01000b.gt.txt,0002,mns,8
train_part_1//0002/01000c.gt.txt,0002,mns,8
train_part_1//0002/01000d.gt.txt,0002,mns,8
train_part_1//0002/01000e.gt.txt,0002,mns,8
train_part_1//0002/01000f.gt.txt,0002,mns,8
train_part_1//0002/010010.gt.txt,0002,mns,8
train_part_1//0002/010011.gt.txt,0002,mns,8
train_part_1//0002/010012.gt.txt,0002,mns,8
train_part_1//0002/010013.gt.txt,0002,mns,8
train_part_1//0002/010014.gt.txt,0002,mns,8
train_part_1//0002/010015.gt.txt,0002,mns,8
train_part_1//0002/010016.gt.txt,0002,mns,8
train_part_1//0002/010017.gt.txt,0002,mns,8
train_part_1//0003/010004.gt.txt,0003,mns,9
train_part_1//0003/01000e.gt.txt,0003,mns,9
train_part_1//0003/01000f.gt.txt,0003,mns,9
train_part_1//0003/010010.gt.txt,0003,mns,9
train_part_1//0003/010011.gt.txt,0003,mns,9
train_part_1//0003/010012.gt.txt,0003,mns,9
train_part_1//0003/010013.gt.txt,0003,mns,9
train_part_1//0003/010014.gt.txt,0003,mns,9
train_part_1//0003/010015.gt.txt,0003,mns,9
train_part_1//0003/010016.gt.txt,0003,mns,9
train_part_1//0003/010017.gt.txt,0003,mns,9
train_part_1//0003/010018.gt.txt,0003,mns,9
train_part_1//0003/010019.gt.txt,0003,mns,9
train_part_1//0003/01001b.gt.txt,0003,mns,9
train_part_1//0003/01001c.gt.txt,0003,mns,9
train_part_1//0003/01001d.gt.txt,0003,mns,9
train_part_1//0003/01001e.gt.txt,0003,mns,9
train_part_1//0003/01001f.gt.txt,0003,mns,9
train_part_1//0003/010020.gt.txt,0003,mns,9
train_part_1//0003/010021.gt.txt,0003,mns,9
train_part_1//0003/010022.gt.txt,0003,mns,9
train_part_1//0003/010023.gt.txt,0003,mns,9
train_part_1//0003/010024.gt.txt,0003,mns,9
train_part_1//0003/010025.gt.txt,0003,mns,9
train_part_1//0003/010026.gt.txt,0003,mns,9
train_part_2//0001/010002.gt.txt,0001,mns,10
train_part_2//0001/010003.gt.txt,0001,mns,10
train_part_2//0001/010006.gt.txt,0001,mns,10
train_part_2//0001/01000d.gt.txt,0001,mns,10
train_part_2//0001/010012.gt.txt,0001,mns,10
train_part_2//0001/010013.gt.txt,0001,mns,10
train_part_2//0001/010014.gt.txt,0001,mns,10
train_part_2//0001/010015.gt.txt,0001,mns,10
train_part_2//0001/010016.gt.txt,0001,mns,10
train_part_2//0001/010017.gt.txt,0001,mns,10
train_part_2//0001/010018.gt.txt,0001,mns,10
train_part_2//0001/010019.gt.txt,0001,mns,10
train_part_2//0001/01001a.gt.txt,0001,mns,10
train_part_2//0001/01001b.gt.txt,0001,mns,10
train_part_2//0001/01001c.gt.txt,0001,mns,10
train_part_2//0001/01001d.gt.txt,0001,mns,10
train_part_2//0001/01001e.gt.txt,0001,mns,10
train_part_2//0001/01001f.gt.txt,0001,mns,10
train_part_2//0001/010020.gt.txt,0001,mns,10
train_part_2//0001/010021.gt.txt,0001,mns,10
train_part_2//0001/010022.gt.txt,0001,mns,10
train_part_2//0002/010001.gt.txt,0002,mns,11
train_part_2//0002/010004.gt.txt,0002,mns,11
train_part_2//0002/010008.gt.txt,0002,mns,11
train_part_2//0002/01000a.gt.txt,0002,mns,11
train_part_2//0002/01000b.gt.txt,0002,mns,11
train_part_2//0002/01000c.gt.txt,0002,mns,11
train_part_2//0002/01000d.gt.txt,0002,mns,11
train_part_2//0002/01000f.gt.txt,0002,mns,11
train_part_2//0002/010011.gt.txt,0002,mns,11
train_part_2//0002/010012.gt.txt,0002,mns,11
train_part_2//0002/010013.gt.txt,0002,mns,11
train_part_2//0002/010014.gt.txt,0002,mns,11
train_part_2//0002/010015.gt.txt,0002,mns,11
train_part_2//0002/010016.gt.txt,0002,mns,11
train_part_2//0002/010017.gt.txt,0002,mns,11
train_part_2//0002/010018.gt.txt,0002,mns,11
train_part_2//0002/010019.gt.txt,0002,mns,11
train_part_2//0002/01001a.gt.txt,0002,mns,11
train_part_2//0002/01001b.gt.txt,0002,mns,11
train_part_2//0002/01001d.gt.txt,0002,mns,11
train_part_2//0003/010001.gt.txt,0003,mns,12
train_part_2//0003/010002.gt.txt,0003,mns,12
train_part_2//0003/010003.gt.txt,0003,mns,12
train_part_2//0003/010004.gt.txt,0003,mns,12
train_part_2//0003/010005.gt.txt,0003,mns,12
train_part_2//0003/010006.gt.txt,0003,mns,12
train_part_2//0003/010007.gt.txt,0003,mns,12
train_part_2//0003/010008.gt.txt,0003,mns,12
train_part_2//0003/010009.gt.txt,0003,mns,12
train_part_2//0003/01000a.gt.txt,0003,mns,12
train_part_2//0003/01000b.gt.txt,0003,mns,12
train_part_2//0003/01000c.gt.txt,0003,mns,12
train_part_2//0003/01000d.gt.txt,0003,mns,12
train_part_2//0003/01000e.gt.txt,0003,mns,12
train_part_2//0003/01000f.gt.txt,0003,mns,12
train_part_2//0003/010010.gt.txt,0003,mns,12
train_part_2//0003/010011.gt.txt,0003,mns,12
train_part_2//0003/010012.gt.txt,0003,mns,12
train_part_2//0003/010013.gt.txt,0003,mns,12
train_part_2//0003/010014.gt.txt,0003,mns,12
train_part_2//0003/010015.gt.txt,0003,mns,12
train_part_2//0003/010016.gt.txt,0003,mns,12
train_part_2//0003/010017.gt.txt,0003,mns,12
train_part_2//0003/010018.gt.txt,0003,mns,12
train_part_2//0004/010001.gt.txt,0004,mns,13
train_part_2//0004/010002.gt.txt,0004,mns,13
train_part_2//0004/010003.gt.txt,0004,mns,13
train_part_2//0004/010004.gt.txt,0004,mns,13
train_part_2//0004/010005.gt.txt,0004,mns,13
train_part_2//0004/010006.gt.txt,0004,mns,13
train_part_2//0004/010008.gt.txt,0004,mns,13
train_part_2//0004/010009.gt.txt,0004,mns,13
train_part_2//0004/01000a.gt.txt,0004,mns,13
train_part_2//0004/01000c.gt.txt,0004,mns,13
train_part_2//0004/01000d.gt.txt,0004,mns,13
train_part_2//0004/01000e.gt.txt,0004,mns,13
train_part_2//0004/01000f.gt.txt,0004,mns,13
train_part_2//0004/010010.gt.txt,0004,mns,13
train_part_2//0004/010012.gt.txt,0004,mns,13
train_part_2//0004/010014.gt.txt,0004,mns,13
train_part_2//0004/010015.gt.txt,0004,mns,13
train_part_2//0004/010016.gt.txt,0004,mns,13
train_part_2//0004/010017.gt.txt,0004,mns,13
train_part_2//0004/010018.gt.txt,0004,mns,13
train_part_2//0004/010019.gt.txt,0004,mns,13
train_part_2//0004/01001a.gt.txt,0004,mns,13
train_part_2//0005/010001.gt.txt,0005,mns,14
train_part_2//0005/010002.gt.txt,0005,mns,14
train_part_2//0005/010003.gt.txt,0005,mns,14
train_part_2//0005/010004.gt.txt,0005,mns,14
train_part_2//0005/010005.gt.txt,0005,mns,14
train_part_2//0005/010006.gt.txt,0005,mns,14
train_part_2//0005/010007.gt.txt,0005,mns,14
train_part_2//0005/010008.gt.txt,0005,mns,14
train_part_2//0005/010009.gt.txt,0005,mns,14
train_part_2//0005/01000a.gt.txt,0005,mns,14
train_part_2//0005/01000b.gt.txt,0005,mns,14
train_part_2//0005/01000c.gt.txt,0005,mns,14
train_part_2//0005/01000d.gt.txt,0005,mns,14
train_part_2//0005/01000e.gt.txt,0005,mns,14
train_part_2//0005/01000f.gt.txt,0005,mns,14
train_part_2//0005/010010.gt.txt,0005,mns,14
train_part_2//0005/010013.gt.txt,0005,mns,14
train_part_2//0005/010015.gt.txt,0005,mns,14
train_part_2//0005/01001e.gt.txt,0005,mns,14
train_part_2//0007/010001.gt.txt,0007,mns,16
train_part_2//0007/010025.gt.txt,0007,mns,16
train_part_2//0007/010026.gt.txt,0007,mns,16
train_part_2//0007/010027.gt.txt,0007,mns,16
train_part_2//0007/010028.gt.txt,0007,mns,16
train_part_2//0007/010029.gt.txt,0007,mns,16
train_part_4//0001/010008.gt.txt,0001,mns,51
train_part_4//0001/01000d.gt.txt,0001,mns,51
train_part_4//0001/010015.gt.txt,0001,mns,51
train_part_4//0001/010016.gt.txt,0001,mns,51
train_part_4//0001/010017.gt.txt,0001,mns,51
train_part_4//0001/010018.gt.txt,0001,mns,51
train_part_4//0001/010019.gt.txt,0001,mns,51
train_part_4//0001/01001a.gt.txt,0001,mns,51
train_part_4//0001/01001b.gt.txt,0001,mns,51
train_part_4//0001/01001c.gt.txt,0001,mns,51
train_part_4//0001/01001d.gt.txt,0001,mns,51
train_part_4//0001/01001e.gt.txt,0001,mns,51
train_part_4//0001/01001f.gt.txt,0001,mns,51
train_part_4//0002/010001.gt.txt,0002,mns,52
train_part_4//0002/010002.gt.txt,0002,mns,52
train_part_4//0002/010003.gt.txt,0002,mns,52
train_part_4//0002/010004.gt.txt,0002,mns,52
train_part_4//0002/010005.gt.txt,0002,mns,52
train_part_4//0002/010006.gt.txt,0002,mns,52
train_part_4//0002/010007.gt.txt,0002,mns,52
train_part_4//0002/010008.gt.txt,0002,mns,52
train_part_4//0002/010009.gt.txt,0002,mns,52
train_part_4//0002/01000a.gt.txt,0002,mns,52
train_part_4//0002/01000b.gt.txt,0002,mns,52
train_part_4//0002/01000c.gt.txt,0002,mns,52
train_part_4//0002/01000d.gt.txt,0002,mns,52
train_part_4//0002/01000e.gt.txt,0002,mns,52
train_part_4//0002/01000f.gt.txt,0002,mns,52
train_part_4//0002/010010.gt.txt,0002,mns,52
train_part_4//0002/010011.gt.txt,0002,mns,52
train_part_4//0002/010012.gt.txt,0002,mns,52
train_part_4//0002/010013.gt.txt,0002,mns,52
train_part_4//0002/010014.gt.txt,0002,mns,52
train_part_4//0002/010015.gt.txt,0002,mns,52
train_part_4//0002/010016.gt.txt,0002,mns,52
train_part_4//0002/010017.gt.txt,0002,mns,52
train_part_4//0002/010018.gt.txt,0002,mns,52
train_part_4//0002/010019.gt.txt,0002,mns,52
train_part_4//0002/01001a.gt.txt,0002,mns,52
train_part_4//0002/01001b.gt.txt,0002,mns,52
train_part_4//0002/01001c.gt.txt,0002,mns,52
train_part_4//0002/01001d.gt.txt,0002,mns,52
train_part_4//0002/01001e.gt.txt,0002,mns,52
train_part_4//0003/010001.gt.txt,0003,mns,53
train_part_4//0003/010002.gt.txt,0003,mns,53
train_part_4//0003/010003.gt.txt,0003,mns,53
train_part_4//0003/010004.gt.txt,0003,mns,53
train_part_4//0003/010005.gt.txt,0003,mns,53
train_part_4//0003/010006.gt.txt,0003,mns,53
train_part_4//0003/010007.gt.txt,0003,mns,53
train_part_4//0003/010008.gt.txt,0003,mns,53
train_part_4//0003/01000a.gt.txt,0003,mns,53
train_part_4//0003/01000b.gt.txt,0003,mns,53
train_part_4//0003/01000c.gt.txt,0003,mns,53
train_part_4//0003/01000d.gt.txt,0003,mns,53
train_part_4//0003/01000e.gt.txt,0003,mns,53
train_part_4//0003/01000f.gt.txt,0003,mns,53
train_part_4//0003/010010.gt.txt,0003,mns,53
train_part_4//0003/010011.gt.txt,0003,mns,53
train_part_4//0003/010012.gt.txt,0003,mns,53
train_part_6//0002/010001.gt.txt,0002,mns,55
train_part_6//0002/010002.gt.txt,0002,mns,55
train_part_6//0002/010003.gt.txt,0002,mns,55
train_part_6//0002/010004.gt.txt,0002,mns,55
train_part_6//0002/010005.gt.txt,0002,mns,55
train_part_6//0002/010006.gt.txt,0002,mns,55
train_part_6//0002/010007.gt.txt,0002,mns,55
train_part_6//0002/010008.gt.txt,0002,mns,55
train_part_6//0002/010009.gt.txt,0002,mns,55
train_part_6//0002/01000a.gt.txt,0002,mns,55
train_part_6//0002/01000b.gt.txt,0002,mns,55
train_part_6//0002/01000c.gt.txt,0002,mns,55
train_part_6//0002/01000d.gt.txt,0002,mns,55
train_part_6//0002/01000f.gt.txt,0002,mns,55
train_part_6//0003/010001.gt.txt,0003,mns,56
train_part_6//0003/010002.gt.txt,0003,mns,56
train_part_6//0003/010003.gt.txt,0003,mns,56
train_part_6//0003/010004.gt.txt,0003,mns,56
train_part_6//0003/010005.gt.txt,0003,mns,56
train_part_6//0003/010006.gt.txt,0003,mns,56
train_part_6//0003/010007.gt.txt,0003,mns,56
train_part_6//0003/010008.gt.txt,0003,mns,56
train_part_6//0003/010009.gt.txt,0003,mns,56
train_part_6//0003/01000a.gt.txt,0003,mns,56
train_part_6//0003/01000b.gt.txt,0003,mns,56
train_part_6//0003/01000c.gt.txt,0003,mns,56
train_part_6//0003/01000d.gt.txt,0003,mns,56
train_part_6//0003/01000e.gt.txt,0003,mns,56
train_part_6//0003/01000f.gt.txt,0003,mns,56
train_part_6//0003/010010.gt.txt,0003,mns,56
train_part_6//0003/010011.gt.txt,0003,mns,56
train_part_6//0003/010012.gt.txt,0003,mns,56
train_part_6//0003/010013.gt.txt,0003,mns,56
train_part_6//0003/010014.gt.txt,0003,mns,56
train_part_6//0003/010015.gt.txt,0003,mns,56
train_part_6//0003/010016.gt.txt,0003,mns,56
train_part_6//0003/010017.gt.txt,0003,mns,56
train_part_6//0003/010018.gt.txt,0003,mns,56
train_part_6//0003/010019.gt.txt,0003,mns,56
train_part_6//0003/01001a.gt.txt,0003,mns,56
train_part_6//0003/01001b.gt.txt,0003,mns,56
train_part_6//0003/01001c.gt.txt,0003,mns,56
train_part_6//0003/01001d.gt.txt,0003,mns,56
train_part_6//0003/01001e.gt.txt,0003,mns,56
train_part_6//0004/010001.gt.txt,0004,mns,57
train_part_6//0004/010002.gt.txt,0004,mns,57
train_part_6//0004/010003.gt.txt,0004,mns,57
train_part_6//0004/010004.gt.txt,0004,mns,57
train_part_6//0004/010005.gt.txt,0004,mns,57
train_part_6//0004/010006.gt.txt,0004,mns,57
train_part_6//0004/010007.gt.txt,0004,mns,57
train_part_6//0004/010008.gt.txt,0004,mns,57
train_part_6//0004/010009.gt.txt,0004,mns,57
train_part_6//0004/01000a.gt.txt,0004,mns,57
train_part_6//0004/01000b.gt.txt,0004,mns,57
train_part_6//0004/01000c.gt.txt,0004,mns,57
train_part_6//0004/01000d.gt.txt,0004,mns,57
train_part_6//0004/01000e.gt.txt,0004,mns,57
train_part_6//0004/01000f.gt.txt,0004,mns,57
train_part_6//0004/010010.gt.txt,0004,mns,57
train_part_6//0004/010011.gt.txt,0004,mns,57
train_part_6//0004/010012.gt.txt,0004,mns,57
train_part_6//0004/010013.gt.txt,0004,mns,57
train_part_6//0004/010014.gt.txt,0004,mns,57
train_part_6//0004/010016.gt.txt,0004,mns,57
train_part_6//0004/010017.gt.txt,0004,mns,57
train_part_6//0004/010018.gt.txt,0004,mns,57
train_part_6//0004/010019.gt.txt,0004,mns,57
train_part_6//0004/01001a.gt.txt,0004,mns,57
train_part_6//0004/01001b.gt.txt,0004,mns,57
train_part_6//0004/01001c.gt.txt,0004,mns,57
train_part_6//0004/01001d.gt.txt,0004,mns,57
train_part_6//0004/01001e.gt.txt,0004,mns,57
train_part_6//0004/01001f.gt.txt,0004,mns,57
train_part_6//0004/010020.gt.txt,0004,mns,57
train_part_6//0006/010001.gt.txt,0006,mns,59
train_part_6//0006/010002.gt.txt,0006,mns,59
train_part_6//0006/010003.gt.txt,0006,mns,59
train_part_6//0006/010004.gt.txt,0006,mns,59
train_part_6//0006/010005.gt.txt,0006,mns,59
train_part_6//0006/010006.gt.txt,0006,mns,59
train_part_6//0006/010007.gt.txt,0006,mns,59
train_part_6//0006/010008.gt.txt,0006,mns,59
train_part_6//0006/010009.gt.txt,0006,mns,59
train_part_6//0006/01000a.gt.txt,0006,mns,59
train_part_6//0006/01000b.gt.txt,0006,mns,59
train_part_6//0006/01000c.gt.txt,0006,mns,59
train_part_6//0006/01000d.gt.txt,0006,mns,59
train_part_6//0006/01000e.gt.txt,0006,mns,59
train_part_6//0006/01000f.gt.txt,0006,mns,59
train_part_6//0006/010010.gt.txt,0006,mns,59
train_part_6//0006/010011.gt.txt,0006,mns,59
train_part_6//0006/010016.gt.txt,0006,mns,59
train_part_6//0006/010017.gt.txt,0006,mns,59
train_part_6//0006/010018.gt.txt,0006,mns,59
train_part_6//0006/010019.gt.txt,0006,mns,59
train_part_6//0006/01001a.gt.txt,0006,mns,59
train_part_6//0006/01001b.gt.txt,0006,mns,59
train_part_6//0006/01001c.gt.txt,0006,mns,59
train_part_6//0006/01001d.gt.txt,0006,mns,59
train_part_6//0006/01001e.gt.txt,0006,mns,59
train_part_6//0006/01001f.gt.txt,0006,mns,59
train_part_6//0006/010020.gt.txt,0006,mns,59
train_part_8//0001/010002.gt.txt,0001,mns,60
train_part_8//0001/010003.gt.txt,0001,mns,60
train_part_8//0001/010004.gt.txt,0001,mns,60
train_part_8//0001/010005.gt.txt,0001,mns,60
train_part_8//0001/010007.gt.txt,0001,mns,60
train_part_8//0001/010008.gt.txt,0001,mns,60
train_part_8//0001/010009.gt.txt,0001,mns,60
train_part_8//0001/01000a.gt.txt,0001,mns,60
train_part_8//0001/01000b.gt.txt,0001,mns,60
train_part_8//0001/01000d.gt.txt,0001,mns,60
train_part_8//0001/01000e.gt.txt,0001,mns,60
train_part_8//0001/01000f.gt.txt,0001,mns,60
train_part_8//0001/010010.gt.txt,0001,mns,60
train_part_1//0004/010001.gt.txt,0004,sel,7
train_part_1//0004/010002.gt.txt,0004,sel,7
train_part_1//0004/010003.gt.txt,0004,sel,7
train_part_1//0004/010004.gt.txt,0004,sel,7
train_part_1//0004/010005.gt.txt,0004,sel,7
train_part_1//0004/010006.gt.txt,0004,sel,7
train_part_1//0004/010007.gt.txt,0004,sel,7
train_part_1//0004/010008.gt.txt,0004,sel,7
train_part_1//0004/010009.gt.txt,0004,sel,7
train_part_1//0004/01000a.gt.txt,0004,sel,7
train_part_1//0004/01000b.gt.txt,0004,sel,7
train_part_1//0004/01000c.gt.txt,0004,sel,7
train_part_1//0004/01000d.gt.txt,0004,sel,7
train_part_1//0004/01000e.gt.txt,0004,sel,7
train_part_1//0004/01000f.gt.txt,0004,sel,7
train_part_1//0004/010010.gt.txt,0004,sel,7
train_part_1//0004/010011.gt.txt,0004,sel,7
train_part_1//0004/010012.gt.txt,0004,sel,7
train_part_1//0004/010013.gt.txt,0004,sel,7
train_part_1//0004/010014.gt.txt,0004,sel,7
train_part_1//0004/010015.gt.txt,0004,sel,7
train_part_1//0004/010016.gt.txt,0004,sel,7
train_part_1//0004/010017.gt.txt,0004,sel,7
train_part_1//0004/010018.gt.txt,0004,sel,7
train_part_1//0004/010019.gt.txt,0004,sel,7
train_part_1//0005/010001.gt.txt,0005,sel,8
train_part_1//0005/010002.gt.txt,0005,sel,8
train_part_1//0005/010003.gt.txt,0005,sel,8
train_part_1//0005/010004.gt.txt,0005,sel,8
train_part_1//0005/010005.gt.txt,0005,sel,8
train_part_1//0005/010006.gt.txt,0005,sel,8
train_part_1//0005/010007.gt.txt,0005,sel,8
train_part_1//0005/010008.gt.txt,0005,sel,8
train_part_1//0005/010009.gt.txt,0005,sel,8
train_part_1//0005/01000a.gt.txt,0005,sel,8
train_part_1//0005/01000b.gt.txt,0005,sel,8
train_part_1//0005/01000c.gt.txt,0005,sel,8
train_part_1//0005/01000d.gt.txt,0005,sel,8
train_part_1//0005/01000e.gt.txt,0005,sel,8
train_part_1//0005/01000f.gt.txt,0005,sel,8
train_part_1//0005/010010.gt.txt,0005,sel,8
train_part_1//0005/010011.gt.txt,0005,sel,8
train_part_1//0005/010012.gt.txt,0005,sel,8
train_part_1//0005/010013.gt.txt,0005,sel,8
train_part_1//0005/010014.gt.txt,0005,sel,8
train_part_1//0005/010015.gt.txt,0005,sel,8
train_part_1//0005/010016.gt.txt,0005,sel,8
train_part_1//0005/010017.gt.txt,0005,sel,8
train_part_1//0006/010001.gt.txt,0006,sel,9
train_part_1//0006/01000a.gt.txt,0006,sel,9
train_part_1//0006/01000b.gt.txt,0006,sel,9
train_part_1//0006/01000c.gt.txt,0006,sel,9
train_part_1//0006/01000d.gt.txt,0006,sel,9
train_part_1//0006/01000e.gt.txt,0006,sel,9
train_part_1//0006/010011.gt.txt,0006,sel,9
train_part_1//0006/010013.gt.txt,0006,sel,9
train_part_1//0006/010014.gt.txt,0006,sel,9
train_part_1//0006/010015.gt.txt,0006,sel,9
train_part_1//0006/010016.gt.txt,0006,sel,9
train_part_1//0006/010017.gt.txt,0006,sel,9
train_part_1//0006/010018.gt.txt,0006,sel,9
train_part_1//0006/010019.gt.txt,0006,sel,9
train_part_1//0006/01001a.gt.txt,0006,sel,9
train_part_1//0006/01001b.gt.txt,0006,sel,9
train_part_1//0006/01001c.gt.txt,0006,sel,9
train_part_1//0006/01001d.gt.txt,0006,sel,9
train_part_1//0006/01001e.gt.txt,0006,sel,9
train_part_2//0008/010001.gt.txt,0008,sel,10
train_part_2//0008/010002.gt.txt,0008,sel,10
train_part_2//0008/010003.gt.txt,0008,sel,10
train_part_2//0008/010004.gt.txt,0008,sel,10
train_part_2//0008/010005.gt.txt,0008,sel,10
train_part_2//0008/010006.gt.txt,0008,sel,10
train_part_2//0008/010007.gt.txt,0008,sel,10
train_part_2//0008/010008.gt.txt,0008,sel,10
train_part_2//0008/010009.gt.txt,0008,sel,10
train_part_2//0008/01000a.gt.txt,0008,sel,10
train_part_2//0008/01000b.gt.txt,0008,sel,10
train_part_2//0008/01000c.gt.txt,0008,sel,10
train_part_2//0008/01000d.gt.txt,0008,sel,10
train_part_2//0008/01000e.gt.txt,0008,sel,10
train_part_2//0008/01000f.gt.txt,0008,sel,10
train_part_2//0008/010010.gt.txt,0008,sel,10
train_part_2//0008/010011.gt.txt,0008,sel,10
train_part_2//0008/010012.gt.txt,0008,sel,10
train_part_2//0008/010013.gt.txt,0008,sel,10
train_part_2//0008/010014.gt.txt,0008,sel,10
train_part_2//0008/010015.gt.txt,0008,sel,10
train_part_2//0008/010016.gt.txt,0008,sel,10
train_part_2//0008/010017.gt.txt,0008,sel,10
train_part_2//0009/010001.gt.txt,0009,sel,11
train_part_2//0009/010002.gt.txt,0009,sel,11
train_part_2//0009/010003.gt.txt,0009,sel,11
train_part_2//0009/010005.gt.txt,0009,sel,11
train_part_2//0009/010006.gt.txt,0009,sel,11
train_part_2//0009/010007.gt.txt,0009,sel,11
train_part_2//0009/010008.gt.txt,0009,sel,11
train_part_2//0009/01000a.gt.txt,0009,sel,11
train_part_2//0009/01000b.gt.txt,0009,sel,11
train_part_2//0009/01000c.gt.txt,0009,sel,11
train_part_2//0009/01000d.gt.txt,0009,sel,11
train_part_2//0009/01000e.gt.txt,0009,sel,11
train_part_2//0009/01000f.gt.txt,0009,sel,11
train_part_2//0009/010010.gt.txt,0009,sel,11
train_part_2//0009/010011.gt.txt,0009,sel,11
train_part_2//0009/010012.gt.txt,0009,sel,11
train_part_2//0009/010013.gt.txt,0009,sel,11
train_part_2//0009/010014.gt.txt,0009,sel,11
train_part_2//0009/010015.gt.txt,0009,sel,11
train_part_2//0009/010016.gt.txt,0009,sel,11
train_part_2//0010/010001.gt.txt,0010,sel,12
train_part_2//0010/010002.gt.txt,0010,sel,12
train_part_2//0010/010003.gt.txt,0010,sel,12
train_part_2//0010/010004.gt.txt,0010,sel,12
train_part_2//0010/010005.gt.txt,0010,sel,12
train_part_2//0010/010006.gt.txt,0010,sel,12
train_part_2//0010/010007.gt.txt,0010,sel,12
train_part_2//0010/010008.gt.txt,0010,sel,12
train_part_2//0010/010009.gt.txt,0010,sel,12
train_part_2//0010/01000a.gt.txt,0010,sel,12
train_part_2//0010/01000b.gt.txt,0010,sel,12
train_part_2//0010/01000c.gt.txt,0010,sel,12
train_part_2//0010/01000d.gt.txt,0010,sel,12
train_part_2//0010/01000e.gt.txt,0010,sel,12
train_part_2//0010/01000f.gt.txt,0010,sel,12
train_part_2//0010/010010.gt.txt,0010,sel,12
train_part_2//0010/010012.gt.txt,0010,sel,12
train_part_2//0010/010013.gt.txt,0010,sel,12
train_part_2//0010/010014.gt.txt,0010,sel,12
train_part_2//0010/010015.gt.txt,0010,sel,12
train_part_2//0010/010016.gt.txt,0010,sel,12
train_part_2//0010/010017.gt.txt,0010,sel,12
train_part_2//0010/010018.gt.txt,0010,sel,12
train_part_2//0010/010019.gt.txt,0010,sel,12
train_part_2//0013/010001.gt.txt,0013,sel,15
train_part_2//0013/010023.gt.txt,0013,sel,15
train_part_2//0013/010024.gt.txt,0013,sel,15
train_part_2//0013/010026.gt.txt,0013,sel,15
train_part_2//0013/010027.gt.txt,0013,sel,15
train_part_2//0014/010001.gt.txt,0014,sel,16
train_part_2//0014/01001a.gt.txt,0014,sel,16
train_part_2//0014/01001b.gt.txt,0014,sel,16
train_part_2//0014/01001c.gt.txt,0014,sel,16
train_part_2//0014/01001d.gt.txt,0014,sel,16
train_part_2//0014/01001e.gt.txt,0014,sel,16
train_part_2//0014/01001f.gt.txt,0014,sel,16
train_part_4//0004/010014.gt.txt,0004,sel,51
train_part_4//0004/010016.gt.txt,0004,sel,51
train_part_4//0004/010017.gt.txt,0004,sel,51
train_part_4//0004/010018.gt.txt,0004,sel,51
train_part_4//0004/010019.gt.txt,0004,sel,51
train_part_4//0004/01001a.gt.txt,0004,sel,51
train_part_4//0004/01001b.gt.txt,0004,sel,51
train_part_4//0004/01001c.gt.txt,0004,sel,51
train_part_4//0004/01001d.gt.txt,0004,sel,51
train_part_4//0004/01001e.gt.txt,0004,sel,51
train_part_4//0004/01001f.gt.txt,0004,sel,51
train_part_4//0004/010020.gt.txt,0004,sel,51
train_part_4//0004/010021.gt.txt,0004,sel,51
train_part_4//0004/010022.gt.txt,0004,sel,51
train_part_4//0004/010023.gt.txt,0004,sel,51
train_part_4//0004/010024.gt.txt,0004,sel,51
train_part_4//0004/010025.gt.txt,0004,sel,51
train_part_4//0004/010026.gt.txt,0004,sel,51
train_part_4//0004/010027.gt.txt,0004,sel,51
train_part_4//0004/010028.gt.txt,0004,sel,51
train_part_4//0005/010001.gt.txt,0005,sel,52
train_part_4//0005/010002.gt.txt,0005,sel,52
train_part_4//0005/010003.gt.txt,0005,sel,52
train_part_4//0005/010004.gt.txt,0005,sel,52
train_part_4//0005/010005.gt.txt,0005,sel,52
train_part_4//0005/010006.gt.txt,0005,sel,52
train_part_4//0005/010007.gt.txt,0005,sel,52
train_part_4//0005/010008.gt.txt,0005,sel,52
train_part_4//0005/010009.gt.txt,0005,sel,52
train_part_4//0005/01000a.gt.txt,0005,sel,52
train_part_4//0005/01000b.gt.txt,0005,sel,52
train_part_4//0005/01000c.gt.txt,0005,sel,52
train_part_4//0005/01000d.gt.txt,0005,sel,52
train_part_4//0005/01000e.gt.txt,0005,sel,52
train_part_4//0005/01000f.gt.txt,0005,sel,52
train_part_4//0005/010010.gt.txt,0005,sel,52
train_part_4//0005/010011.gt.txt,0005,sel,52
train_part_4//0005/010012.gt.txt,0005,sel,52
train_part_4//0005/010013.gt.txt,0005,sel,52
train_part_4//0005/010014.gt.txt,0005,sel,52
train_part_4//0005/010015.gt.txt,0005,sel,52
train_part_4//0005/010016.gt.txt,0005,sel,52
train_part_4//0005/010017.gt.txt,0005,sel,52
train_part_4//0005/010018.gt.txt,0005,sel,52
train_part_4//0005/010019.gt.txt,0005,sel,52
train_part_4//0005/01001a.gt.txt,0005,sel,52
train_part_4//0005/01001b.gt.txt,0005,sel,52
train_part_4//0005/01001c.gt.txt,0005,sel,52
train_part_4//0005/01001d.gt.txt,0005,sel,52
train_part_4//0005/01001e.gt.txt,0005,sel,52
train_part_4//0005/01001f.gt.txt,0005,sel,52
train_part_4//0006/010001.gt.txt,0006,sel,53
train_part_4//0006/010002.gt.txt,0006,sel,53
train_part_4//0006/010003.gt.txt,0006,sel,53
train_part_4//0006/010004.gt.txt,0006,sel,53
train_part_4//0006/010005.gt.txt,0006,sel,53
train_part_4//0006/010006.gt.txt,0006,sel,53
train_part_4//0006/010007.gt.txt,0006,sel,53
train_part_4//0006/010008.gt.txt,0006,sel,53
train_part_4//0006/010009.gt.txt,0006,sel,53
train_part_4//0006/01000a.gt.txt,0006,sel,53
train_part_4//0006/01000b.gt.txt,0006,sel,53
train_part_4//0006/01000c.gt.txt,0006,sel,53
train_part_4//0006/01000d.gt.txt,0006,sel,53
train_part_4//0006/01000e.gt.txt,0006,sel,53
train_part_4//0006/01000f.gt.txt,0006,sel,53
train_part_4//0006/010011.gt.txt,0006,sel,53
train_part_4//0006/010012.gt.txt,0006,sel,53
train_part_5//0001/010001.gt.txt,0001,sel,54
train_part_5//0001/010002.gt.txt,0001,sel,54
train_part_5//0001/010003.gt.txt,0001,sel,54
train_part_5//0001/010004.gt.txt,0001,sel,54
train_part_5//0001/010005.gt.txt,0001,sel,54
train_part_5//0001/010006.gt.txt,0001,sel,54
train_part_5//0001/010007.gt.txt,0001,sel,54
train_part_5//0001/010008.gt.txt,0001,sel,54
train_part_5//0001/010009.gt.txt,0001,sel,54
train_part_5//0001/01000a.gt.txt,0001,sel,54
train_part_5//0001/01000b.gt.txt,0001,sel,54
train_part_5//0001/01000c.gt.txt,0001,sel,54
train_part_5//0001/01000d.gt.txt,0001,sel,54
train_part_5//0001/01000e.gt.txt,0001,sel,54
train_part_5//0001/01000f.gt.txt,0001,sel,54
train_part_5//0001/010010.gt.txt,0001,sel,54
train_part_5//0001/010011.gt.txt,0001,sel,54
train_part_5//0001/010012.gt.txt,0001,sel,54
train_part_5//0001/010013.gt.txt,0001,sel,54
train_part_5//0001/010014.gt.txt,0001,sel,54
train_part_5//0001/010015.gt.txt,0001,sel,54
train_part_5//0001/010016.gt.txt,0001,sel,54
train_part_5//0001/010017.gt.txt,0001,sel,54
train_part_5//0001/010018.gt.txt,0001,sel,54
train_part_5//0001/010019.gt.txt,0001,sel,54
train_part_5//0001/01001a.gt.txt,0001,sel,54
train_part_5//0001/01001b.gt.txt,0001,sel,54
train_part_5//0001/01001c.gt.txt,0001,sel,54
train_part_5//0001/01001d.gt.txt,0001,sel,54
train_part_5//0002/010001.gt.txt,0002,sel,55
train_part_5//0002/010002.gt.txt,0002,sel,55
train_part_5//0002/010003.gt.txt,0002,sel,55
train_part_5//0002/010004.gt.txt,0002,sel,55
train_part_5//0002/010005.gt.txt,0002,sel,55
train_part_5//0002/010006.gt.txt,0002,sel,55
train_part_5//0002/010007.gt.txt,0002,sel,55
train_part_5//0002/010008.gt.txt,0002,sel,55
train_part_5//0002/010009.gt.txt,0002,sel,55
train_part_5//0002/01000a.gt.txt,0002,sel,55
train_part_5//0002/01000b.gt.txt,0002,sel,55
train_part_5//0002/01000c.gt.txt,0002,sel,55
train_part_5//0002/01000d.gt.txt,0002,sel,55
train_part_5//0002/01000e.gt.txt,0002,sel,55
train_part_5//0002/01000f.gt.txt,0002,sel,55
train_part_5//0002/010010.gt.txt,0002,sel,55
train_part_5//0002/010011.gt.txt,0002,sel,55
train_part_5//0002/010012.gt.txt,0002,sel,55
train_part_6//0007/010001.gt.txt,0007,sel,56
train_part_6//0007/010002.gt.txt,0007,sel,56
train_part_6//0007/010003.gt.txt,0007,sel,56
train_part_6//0007/010004.gt.txt,0007,sel,56
train_part_6//0007/010005.gt.txt,0007,sel,56
train_part_6//0007/010006.gt.txt,0007,sel,56
train_part_6//0007/010007.gt.txt,0007,sel,56
train_part_6//0007/010008.gt.txt,0007,sel,56
train_part_6//0007/010009.gt.txt,0007,sel,56
train_part_6//0007/01000a.gt.txt,0007,sel,56
train_part_6//0007/01000b.gt.txt,0007,sel,56
train_part_6//0007/01000c.gt.txt,0007,sel,56
train_part_6//0007/01000d.gt.txt,0007,sel,56
train_part_6//0007/01000e.gt.txt,0007,sel,56
train_part_6//0007/01000f.gt.txt,0007,sel,56
train_part_6//0007/010010.gt.txt,0007,sel,56
train_part_6//0007/010011.gt.txt,0007,sel,56
train_part_6//0007/010012.gt.txt,0007,sel,56
train_part_6//0007/010013.gt.txt,0007,sel,56
train_part_6//0008/010001.gt.txt,0008,sel,57
train_part_6//0008/010002.gt.txt,0008,sel,57
train_part_6//0008/010003.gt.txt,0008,sel,57
train_part_6//0008/010004.gt.txt,0008,sel,57
train_part_6//0008/010005.gt.txt,0008,sel,57
train_part_6//0008/010006.gt.txt,0008,sel,57
train_part_6//0008/010007.gt.txt,0008,sel,57
train_part_6//0008/010008.gt.txt,0008,sel,57
train_part_6//0008/010009.gt.txt,0008,sel,57
train_part_6//0008/01000a.gt.txt,0008,sel,57
train_part_6//0008/01000b.gt.txt,0008,sel,57
train_part_6//0008/01000c.gt.txt,0008,sel,57
train_part_6//0008/01000d.gt.txt,0008,sel,57
train_part_6//0008/01000e.gt.txt,0008,sel,57
train_part_6//0008/01000f.gt.txt,0008,sel,57
train_part_6//0008/010010.gt.txt,0008,sel,57
train_part_6//0008/010011.gt.txt,0008,sel,57
train_part_6//0008/010012.gt.txt,0008,sel,57
train_part_6//0008/010013.gt.txt,0008,sel,57
train_part_6//0008/010014.gt.txt,0008,sel,57
train_part_6//0008/010015.gt.txt,0008,sel,57
train_part_6//0008/010016.gt.txt,0008,sel,57
train_part_6//0008/010017.gt.txt,0008,sel,57
train_part_6//0008/010018.gt.txt,0008,sel,57
train_part_6//0008/010019.gt.txt,0008,sel,57
train_part_6//0008/01001a.gt.txt,0008,sel,57
train_part_6//0008/01001b.gt.txt,0008,sel,57
train_part_6//0008/01001c.gt.txt,0008,sel,57
train_part_6//0008/01001d.gt.txt,0008,sel,57
train_part_6//0008/01001e.gt.txt,0008,sel,57
train_part_6//0008/01001f.gt.txt,0008,sel,57
train_part_6//0009/010023.gt.txt,0009,sel,58
train_part_6//0009/010025.gt.txt,0009,sel,58
train_part_6//0009/010026.gt.txt,0009,sel,58
train_part_6//0009/010027.gt.txt,0009,sel,58
train_part_6//0009/010028.gt.txt,0009,sel,58
train_part_6//0009/010029.gt.txt,0009,sel,58
train_part_6//0009/01002a.gt.txt,0009,sel,58
train_part_6//0009/01002b.gt.txt,0009,sel,58
train_part_6//0009/01002c.gt.txt,0009,sel,58
train_part_6//0009/01002d.gt.txt,0009,sel,58
train_part_6//0009/01002e.gt.txt,0009,sel,58
train_part_6//0009/01002f.gt.txt,0009,sel,58
train_part_6//0009/010030.gt.txt,0009,sel,58
train_part_6//0009/010031.gt.txt,0009,sel,58
train_part_6//0009/010032.gt.txt,0009,sel,58
train_part_6//0010/010001.gt.txt,0010,sel,59
train_part_6//0010/010002.gt.txt,0010,sel,59
train_part_6//0010/010003.gt.txt,0010,sel,59
train_part_6//0010/010004.gt.txt,0010,sel,59
train_part_6//0010/010005.gt.txt,0010,sel,59
train_part_6//0010/010006.gt.txt,0010,sel,59
train_part_6//0010/010007.gt.txt,0010,sel,59
train_part_6//0010/010008.gt.txt,0010,sel,59
train_part_6//0010/010009.gt.txt,0010,sel,59
train_part_6//0010/01000a.gt.txt,0010,sel,59
train_part_6//0010/01000c.gt.txt,0010,sel,59
train_part_6//0010/01000d.gt.txt,0010,sel,59
train_part_6//0010/01000e.gt.txt,0010,sel,59
train_part_6//0010/01000f.gt.txt,0010,sel,59
train_part_6//0010/010010.gt.txt,0010,sel,59
train_part_6//0010/010011.gt.txt,0010,sel,59
train_part_6//0010/010012.gt.txt,0010,sel,59
train_part_6//0010/010013.gt.txt,0010,sel,59
train_part_6//0010/010014.gt.txt,0010,sel,59
train_part_6//0010/010015.gt.txt,0010,sel,59
train_part_6//0010/010016.gt.txt,0010,sel,59
train_part_6//0010/010017.gt.txt,0010,sel,59
train_part_6//0010/010018.gt.txt,0010,sel,59
train_part_6//0010/010019.gt.txt,0010,sel,59
train_part_6//0010/01001a.gt.txt,0010,sel,59
train_part_6//0010/01001b.gt.txt,0010,sel,59
train_part_6//0010/01001c.gt.txt,0010,sel,59
train_part_8//0002/010001.gt.txt,0002,sel,60
train_part_8//0002/010002.gt.txt,0002,sel,60
train_part_8//0002/010003.gt.txt,0002,sel,60
train_part_8//0002/010004.gt.txt,0002,sel,60
train_part_8//0002/010005.gt.txt,0002,sel,60
train_part_8//0002/010006.gt.txt,0002,sel,60
train_part_8//0002/010007.gt.txt,0002,sel,60
train_part_8//0002/010008.gt.txt,0002,sel,60
train_part_8//0002/010009.gt.txt,0002,sel,60
train_part_8//0002/01000a.gt.txt,0002,sel,60
train_part_8//0002/01000b.gt.txt,0002,sel,60
train_part_8//0002/01000c.gt.txt,0002,sel,60
train_part_8//0002/01000d.gt.txt,0002,sel,60
train_part_8//0002/01000e.gt.txt,0002,sel,60
train_part_8//0002/01000f.gt.txt,0002,sel,60
train_part_8//0002/010010.gt.txt,0002,sel,60
train_part_8//0002/010011.gt.txt,0002,sel,60
train_part_8//0002/010012.gt.txt,0002,sel,60
train_part_8//0002/010013.gt.txt,0002,sel,60
train_part_8//0002/010014.gt.txt,0002,sel,60
train_part_8//0002/010015.gt.txt,0002,sel,60
train_part_8//0002/010016.gt.txt,0002,sel,60
train_part_8//0002/010017.gt.txt,0002,sel,60
train_part_8//0002/010018.gt.txt,0002,sel,60
train_part_8//0002/010019.gt.txt,0002,sel,60
train_part_8//0002/01001a.gt.txt,0002,sel,60
train_part_8//0002/01001b.gt.txt,0002,sel,60
train_part_8//0002/01001c.gt.txt,0002,sel,60
train_part_8//0002/01001d.gt.txt,0002,sel,60
train_part_8//0002/01001e.gt.txt,0002,sel,60
train_part_1//0007/010001.gt.txt,0007,sjd,7
train_part_1//0007/010002.gt.txt,0007,sjd,7
train_part_1//0007/010003.gt.txt,0007,sjd,7
train_part_1//0007/010004.gt.txt,0007,sjd,7
train_part_1//0007/010005.gt.txt,0007,sjd,7
train_part_1//0007/010006.gt.txt,0007,sjd,7
train_part_1//0007/010007.gt.txt,0007,sjd,7
train_part_1//0007/010008.gt.txt,0007,sjd,7
train_part_1//0007/010009.gt.txt,0007,sjd,7
train_part_1//0007/01000a.gt.txt,0007,sjd,7
train_part_1//0007/01000b.gt.txt,0007,sjd,7
train_part_1//0007/01000c.gt.txt,0007,sjd,7
train_part_1//0007/01000d.gt.txt,0007,sjd,7
train_part_1//0007/01000e.gt.txt,0007,sjd,7
train_part_1//0007/01000f.gt.txt,0007,sjd,7
train_part_1//0007/010010.gt.txt,0007,sjd,7
train_part_1//0007/010011.gt.txt,0007,sjd,7
train_part_1//0007/010012.gt.txt,0007,sjd,7
train_part_1//0007/010013.gt.txt,0007,sjd,7
train_part_1//0007/010014.gt.txt,0007,sjd,7
train_part_1//0007/010015.gt.txt,0007,sjd,7
train_part_1//0007/010016.gt.txt,0007,sjd,7
train_part_1//0007/010017.gt.txt,0007,sjd,7
train_part_1//0008/010001.gt.txt,0008,sjd,8
train_part_1//0008/010002.gt.txt,0008,sjd,8
train_part_1//0008/010003.gt.txt,0008,sjd,8
train_part_1//0008/010004.gt.txt,0008,sjd,8
train_part_1//0008/010005.gt.txt,0008,sjd,8
train_part_1//0008/010006.gt.txt,0008,sjd,8
train_part_1//0008/010007.gt.txt,0008,sjd,8
train_part_1//0008/010008.gt.txt,0008,sjd,8
train_part_1//0008/010009.gt.txt,0008,sjd,8
train_part_1//0008/01000a.gt.txt,0008,sjd,8
train_part_1//0008/01000b.gt.txt,0008,sjd,8
train_part_1//0008/01000c.gt.txt,0008,sjd,8
train_part_1//0008/01000d.gt.txt,0008,sjd,8
train_part_1//0008/01000e.gt.txt,0008,sjd,8
train_part_1//0008/01000f.gt.txt,0008,sjd,8
train_part_1//0008/010010.gt.txt,0008,sjd,8
train_part_1//0008/010011.gt.txt,0008,sjd,8
train_part_1//0008/010012.gt.txt,0008,sjd,8
train_part_1//0008/010015.gt.txt,0008,sjd,8
train_part_1//0008/01001b.gt.txt,0008,sjd,8
train_part_1//0009/010001.gt.txt,0009,sjd,9
train_part_1//0009/01000e.gt.txt,0009,sjd,9
train_part_1//0009/01000f.gt.txt,0009,sjd,9
train_part_1//0009/010010.gt.txt,0009,sjd,9
train_part_1//0009/010011.gt.txt,0009,sjd,9
train_part_1//0009/010012.gt.txt,0009,sjd,9
train_part_1//0009/010013.gt.txt,0009,sjd,9
train_part_1//0009/010014.gt.txt,0009,sjd,9
train_part_1//0009/010015.gt.txt,0009,sjd,9
train_part_1//0009/010017.gt.txt,0009,sjd,9
train_part_1//0009/010018.gt.txt,0009,sjd,9
train_part_1//0009/010019.gt.txt,0009,sjd,9
train_part_1//0009/01001a.gt.txt,0009,sjd,9
train_part_1//0009/01001b.gt.txt,0009,sjd,9
train_part_1//0009/01001c.gt.txt,0009,sjd,9
train_part_1//0009/01001d.gt.txt,0009,sjd,9
train_part_1//0009/01001e.gt.txt,0009,sjd,9
train_part_1//0009/01001f.gt.txt,0009,sjd,9
train_part_1//0009/010020.gt.txt,0009,sjd,9
train_part_1//0009/010021.gt.txt,0009,sjd,9
train_part_1//0009/010022.gt.txt,0009,sjd,9
train_part_2//0015/010001.gt.txt,0015,sjd,10
train_part_2//0015/010002.gt.txt,0015,sjd,10
train_part_2//0015/010003.gt.txt,0015,sjd,10
train_part_2//0015/010004.gt.txt,0015,sjd,10
train_part_2//0015/010005.gt.txt,0015,sjd,10
train_part_2//0015/010006.gt.txt,0015,sjd,10
train_part_2//0015/010007.gt.txt,0015,sjd,10
train_part_2//0015/010008.gt.txt,0015,sjd,10
train_part_2//0015/010009.gt.txt,0015,sjd,10
train_part_2//0015/01000a.gt.txt,0015,sjd,10
train_part_2//0015/01000b.gt.txt,0015,sjd,10
train_part_2//0015/01000c.gt.txt,0015,sjd,10
train_part_2//0015/01000d.gt.txt,0015,sjd,10
train_part_2//0015/01000e.gt.txt,0015,sjd,10
train_part_2//0015/01000f.gt.txt,0015,sjd,10
train_part_2//0015/010010.gt.txt,0015,sjd,10
train_part_2//0015/010011.gt.txt,0015,sjd,10
train_part_2//0015/010012.gt.txt,0015,sjd,10
train_part_2//0015/010013.gt.txt,0015,sjd,10
train_part_2//0015/010014.gt.txt,0015,sjd,10
train_part_2//0015/010015.gt.txt,0015,sjd,10
train_part_2//0015/010016.gt.txt,0015,sjd,10
train_part_2//0015/010017.gt.txt,0015,sjd,10
train_part_2//0016/010001.gt.txt,0016,sjd,11
train_part_2//0016/010002.gt.txt,0016,sjd,11
train_part_2//0016/010003.gt.txt,0016,sjd,11
train_part_2//0016/010004.gt.txt,0016,sjd,11
train_part_2//0016/010005.gt.txt,0016,sjd,11
train_part_2//0016/010006.gt.txt,0016,sjd,11
train_part_2//0016/010007.gt.txt,0016,sjd,11
train_part_2//0016/010008.gt.txt,0016,sjd,11
train_part_2//0016/010009.gt.txt,0016,sjd,11
train_part_2//0016/01000a.gt.txt,0016,sjd,11
train_part_2//0016/01000b.gt.txt,0016,sjd,11
train_part_2//0016/01000c.gt.txt,0016,sjd,11
train_part_2//0016/01000d.gt.txt,0016,sjd,11
train_part_2//0016/01000e.gt.txt,0016,sjd,11
train_part_2//0016/01000f.gt.txt,0016,sjd,11
train_part_2//0016/010010.gt.txt,0016,sjd,11
train_part_2//0016/010011.gt.txt,0016,sjd,11
train_part_2//0016/010012.gt.txt,0016,sjd,11
train_part_2//0016/010013.gt.txt,0016,sjd,11
train_part_2//0016/010014.gt.txt,0016,sjd,11
train_part_2//0016/010015.gt.txt,0016,sjd,11
train_part_2//0016/010016.gt.txt,0016,sjd,11
train_part_2//0016/010017.gt.txt,0016,sjd,11
train_part_2//0016/010018.gt.txt,0016,sjd,11
train_part_2//0017/010001.gt.txt,0017,sjd,12
train_part_2//0017/010002.gt.txt,0017,sjd,12
train_part_2//0017/010003.gt.txt,0017,sjd,12
train_part_2//0017/010004.gt.txt,0017,sjd,12
train_part_2//0017/010005.gt.txt,0017,sjd,12
train_part_2//0017/010006.gt.txt,0017,sjd,12
train_part_2//0017/010007.gt.txt,0017,sjd,12
train_part_2//0017/010008.gt.txt,0017,sjd,12
train_part_2//0017/010009.gt.txt,0017,sjd,12
train_part_2//0017/01000a.gt.txt,0017,sjd,12
train_part_2//0017/01000b.gt.txt,0017,sjd,12
train_part_2//0017/01000c.gt.txt,0017,sjd,12
train_part_2//0017/01000d.gt.txt,0017,sjd,12
train_part_2//0017/01000e.gt.txt,0017,sjd,12
train_part_2//0017/01000f.gt.txt,0017,sjd,12
train_part_2//0017/010011.gt.txt,0017,sjd,12
train_part_2//0017/010013.gt.txt,0017,sjd,12
train_part_2//0017/010016.gt.txt,0017,sjd,12
train_part_2//0017/010020.gt.txt,0017,sjd,12
train_part_2//0020/010001.gt.txt,0020,sjd,15
train_part_2//0020/010016.gt.txt,0020,sjd,15
train_part_2//0020/01001a.gt.txt,0020,sjd,15
train_part_2//0020/01001b.gt.txt,0020,sjd,15
train_part_2//0020/01001c.gt.txt,0020,sjd,15
train_part_2//0020/01001d.gt.txt,0020,sjd,15
train_part_2//0020/01001e.gt.txt,0020,sjd,15
train_part_2//0020/01001f.gt.txt,0020,sjd,15
train_part_2//0021/010001.gt.txt,0021,sjd,16
train_part_2//0021/01001d.gt.txt,0021,sjd,16
train_part_2//0021/01001e.gt.txt,0021,sjd,16
train_part_2//0021/01001f.gt.txt,0021,sjd,16
train_part_2//0021/010020.gt.txt,0021,sjd,16
train_part_3//0002/010001.gt.txt,0002,sjd,18
train_part_3//0002/010002.gt.txt,0002,sjd,18
train_part_3//0002/010003.gt.txt,0002,sjd,18
train_part_3//0002/010004.gt.txt,0002,sjd,18
train_part_3//0002/010005.gt.txt,0002,sjd,18
train_part_3//0002/010006.gt.txt,0002,sjd,18
train_part_3//0002/010007.gt.txt,0002,sjd,18
train_part_3//0002/010008.gt.txt,0002,sjd,18
train_part_3//0002/010009.gt.txt,0002,sjd,18
train_part_3//0002/01000a.gt.txt,0002,sjd,18
train_part_3//0002/01000b.gt.txt,0002,sjd,18
train_part_3//0002/01000c.gt.txt,0002,sjd,18
train_part_3//0002/01000d.gt.txt,0002,sjd,18
train_part_3//0002/01000e.gt.txt,0002,sjd,18
train_part_3//0002/01000f.gt.txt,0002,sjd,18
train_part_3//0002/010010.gt.txt,0002,sjd,18
train_part_3//0003/010001.gt.txt,0003,sjd,19
train_part_3//0003/01001e.gt.txt,0003,sjd,19
train_part_3//0003/01001f.gt.txt,0003,sjd,19
train_part_3//0003/010020.gt.txt,0003,sjd,19
train_part_3//0003/010021.gt.txt,0003,sjd,19
train_part_3//0003/010022.gt.txt,0003,sjd,19
train_part_3//0003/010023.gt.txt,0003,sjd,19
train_part_3//0004/010001.gt.txt,0004,sjd,20
train_part_3//0004/01001b.gt.txt,0004,sjd,20
train_part_3//0004/01001c.gt.txt,0004,sjd,20
train_part_3//0004/01001d.gt.txt,0004,sjd,20
train_part_3//0004/01001e.gt.txt,0004,sjd,20
train_part_3//0004/01001f.gt.txt,0004,sjd,20
train_part_3//0004/010020.gt.txt,0004,sjd,20
train_part_3//0005/010001.gt.txt,0005,sjd,21
train_part_3//0005/010002.gt.txt,0005,sjd,21
train_part_3//0005/010003.gt.txt,0005,sjd,21
train_part_3//0005/010004.gt.txt,0005,sjd,21
train_part_3//0005/010005.gt.txt,0005,sjd,21
train_part_3//0005/010006.gt.txt,0005,sjd,21
train_part_3//0005/010008.gt.txt,0005,sjd,21
train_part_3//0005/010009.gt.txt,0005,sjd,21
train_part_3//0005/01000a.gt.txt,0005,sjd,21
train_part_3//0005/01000b.gt.txt,0005,sjd,21
train_part_3//0005/01000c.gt.txt,0005,sjd,21
train_part_3//0005/01000d.gt.txt,0005,sjd,21
train_part_3//0005/01000e.gt.txt,0005,sjd,21
train_part_3//0005/01000f.gt.txt,0005,sjd,21
train_part_3//0005/010010.gt.txt,0005,sjd,21
train_part_3//0005/010011.gt.txt,0005,sjd,21
train_part_3//0005/010012.gt.txt,0005,sjd,21
train_part_3//0005/010013.gt.txt,0005,sjd,21
train_part_3//0005/010014.gt.txt,0005,sjd,21
train_part_3//0005/010015.gt.txt,0005,sjd,21
train_part_3//0005/010016.gt.txt,0005,sjd,21
train_part_3//0005/010017.gt.txt,0005,sjd,21
train_part_3//0006/010001.gt.txt,0006,sjd,22
train_part_3//0006/010002.gt.txt,0006,sjd,22
train_part_3//0006/010003.gt.txt,0006,sjd,22
train_part_3//0006/010004.gt.txt,0006,sjd,22
train_part_3//0006/010005.gt.txt,0006,sjd,22
train_part_3//0006/010006.gt.txt,0006,sjd,22
train_part_3//0006/010007.gt.txt,0006,sjd,22
train_part_3//0006/010008.gt.txt,0006,sjd,22
train_part_3//0006/010009.gt.txt,0006,sjd,22
train_part_3//0006/01000a.gt.txt,0006,sjd,22
train_part_3//0006/01000b.gt.txt,0006,sjd,22
train_part_3//0006/01000e.gt.txt,0006,sjd,22
train_part_3//0006/01000f.gt.txt,0006,sjd,22
train_part_3//0006/010011.gt.txt,0006,sjd,22
train_part_3//0006/010014.gt.txt,0006,sjd,22
train_part_3//0006/010015.gt.txt,0006,sjd,22
train_part_3//0006/010016.gt.txt,0006,sjd,22
train_part_3//0006/010017.gt.txt,0006,sjd,22
train_part_3//0006/010018.gt.txt,0006,sjd,22
train_part_3//0006/01001a.gt.txt,0006,sjd,22
train_part_3//0007/01000f.gt.txt,0007,sjd,23
train_part_3//0007/010010.gt.txt,0007,sjd,23
train_part_3//0007/010011.gt.txt,0007,sjd,23
train_part_3//0007/010012.gt.txt,0007,sjd,23
train_part_3//0007/010013.gt.txt,0007,sjd,23
train_part_3//0007/010014.gt.txt,0007,sjd,23
train_part_3//0007/010015.gt.txt,0007,sjd,23
train_part_3//0007/010016.gt.txt,0007,sjd,23
train_part_3//0007/010017.gt.txt,0007,sjd,23
train_part_3//0007/010018.gt.txt,0007,sjd,23
train_part_3//0007/010019.gt.txt,0007,sjd,23
train_part_3//0007/01001a.gt.txt,0007,sjd,23
train_part_3//0007/01001b.gt.txt,0007,sjd,23
train_part_3//0007/01001c.gt.txt,0007,sjd,23
train_part_3//0007/01001d.gt.txt,0007,sjd,23
train_part_3//0007/01001e.gt.txt,0007,sjd,23
train_part_3//0007/01001f.gt.txt,0007,sjd,23
train_part_3//0008/010001.gt.txt,0008,sjd,24
train_part_3//0008/010002.gt.txt,0008,sjd,24
train_part_3//0008/010003.gt.txt,0008,sjd,24
train_part_3//0008/010004.gt.txt,0008,sjd,24
train_part_3//0008/010005.gt.txt,0008,sjd,24
train_part_3//0008/010006.gt.txt,0008,sjd,24
train_part_3//0008/010007.gt.txt,0008,sjd,24
train_part_3//0008/010008.gt.txt,0008,sjd,24
train_part_3//0008/010009.gt.txt,0008,sjd,24
train_part_3//0008/01000a.gt.txt,0008,sjd,24
train_part_3//0008/01000b.gt.txt,0008,sjd,24
train_part_3//0008/01000c.gt.txt,0008,sjd,24
train_part_3//0008/01000d.gt.txt,0008,sjd,24
train_part_3//0008/01000e.gt.txt,0008,sjd,24
train_part_3//0008/01000f.gt.txt,0008,sjd,24
train_part_3//0008/010011.gt.txt,0008,sjd,24
train_part_3//0008/010012.gt.txt,0008,sjd,24
train_part_3//0008/010013.gt.txt,0008,sjd,24
train_part_3//0008/010019.gt.txt,0008,sjd,24
train_part_3//0008/01001a.gt.txt,0008,sjd,24
train_part_3//0008/01001b.gt.txt,0008,sjd,24
train_part_3//0008/01001c.gt.txt,0008,sjd,24
train_part_3//0008/01001d.gt.txt,0008,sjd,24
train_part_3//0008/01001e.gt.txt,0008,sjd,24
train_part_3//0008/01001f.gt.txt,0008,sjd,24
train_part_3//0008/010020.gt.txt,0008,sjd,24
train_part_3//0008/010021.gt.txt,0008,sjd,24
train_part_3//0008/010022.gt.txt,0008,sjd,24
train_part_3//0009/01000e.gt.txt,0009,sjd,25
train_part_3//0009/01000f.gt.txt,0009,sjd,25
train_part_3//0009/010010.gt.txt,0009,sjd,25
train_part_3//0009/010011.gt.txt,0009,sjd,25
train_part_3//0009/010012.gt.txt,0009,sjd,25
train_part_3//0009/010013.gt.txt,0009,sjd,25
train_part_3//0009/010014.gt.txt,0009,sjd,25
train_part_3//0009/010015.gt.txt,0009,sjd,25
train_part_3//0009/010016.gt.txt,0009,sjd,25
train_part_3//0009/010017.gt.txt,0009,sjd,25
train_part_3//0009/010018.gt.txt,0009,sjd,25
train_part_3//0009/010019.gt.txt,0009,sjd,25
train_part_3//0009/01001a.gt.txt,0009,sjd,25
train_part_3//0009/01001b.gt.txt,0009,sjd,25
train_part_3//0009/01001c.gt.txt,0009,sjd,25
train_part_3//0009/01001d.gt.txt,0009,sjd,25
train_part_3//0010/010001.gt.txt,0010,sjd,26
train_part_3//0010/010002.gt.txt,0010,sjd,26
train_part_3//0010/010003.gt.txt,0010,sjd,26
train_part_3//0010/010004.gt.txt,0010,sjd,26
train_part_3//0010/010005.gt.txt,0010,sjd,26
train_part_3//0010/010006.gt.txt,0010,sjd,26
train_part_3//0010/010007.gt.txt,0010,sjd,26
train_part_3//0010/010008.gt.txt,0010,sjd,26
train_part_3//0010/010009.gt.txt,0010,sjd,26
train_part_3//0010/01000a.gt.txt,0010,sjd,26
train_part_3//0010/01000b.gt.txt,0010,sjd,26
train_part_3//0010/01000c.gt.txt,0010,sjd,26
train_part_3//0010/01000d.gt.txt,0010,sjd,26
train_part_3//0010/01000e.gt.txt,0010,sjd,26
train_part_3//0010/01000f.gt.txt,0010,sjd,26
train_part_3//0010/010010.gt.txt,0010,sjd,26
train_part_3//0010/010011.gt.txt,0010,sjd,26
train_part_3//0011/010001.gt.txt,0011,sjd,27
train_part_3//0011/010002.gt.txt,0011,sjd,27
train_part_3//0011/010003.gt.txt,0011,sjd,27
train_part_3//0011/010004.gt.txt,0011,sjd,27
train_part_3//0011/010005.gt.txt,0011,sjd,27
train_part_3//0011/010006.gt.txt,0011,sjd,27
train_part_3//0011/010007.gt.txt,0011,sjd,27
train_part_3//0011/010008.gt.txt,0011,sjd,27
train_part_3//0011/010009.gt.txt,0011,sjd,27
train_part_3//0011/01000a.gt.txt,0011,sjd,27
train_part_3//0011/01000b.gt.txt,0011,sjd,27
train_part_3//0011/01000c.gt.txt,0011,sjd,27
train_part_3//0011/01000d.gt.txt,0011,sjd,27
train_part_3//0011/01000e.gt.txt,0011,sjd,27
train_part_3//0011/01000f.gt.txt,0011,sjd,27
train_part_3//0011/010017.gt.txt,0011,sjd,27
train_part_3//0011/010018.gt.txt,0011,sjd,27
train_part_3//0011/010019.gt.txt,0011,sjd,27
train_part_3//0011/01001a.gt.txt,0011,sjd,27
train_part_3//0012/010001.gt.txt,0012,sjd,28
train_part_3//0012/010002.gt.txt,0012,sjd,28
train_part_3//0012/010003.gt.txt,0012,sjd,28
train_part_3//0012/010004.gt.txt,0012,sjd,28
train_part_3//0012/010005.gt.txt,0012,sjd,28
train_part_3//0012/010006.gt.txt,0012,sjd,28
train_part_3//0012/010007.gt.txt,0012,sjd,28
train_part_3//0012/010008.gt.txt,0012,sjd,28
train_part_3//0012/010009.gt.txt,0012,sjd,28
train_part_3//0012/01000a.gt.txt,0012,sjd,28
train_part_3//0012/01000b.gt.txt,0012,sjd,28
train_part_3//0012/01000c.gt.txt,0012,sjd,28
train_part_3//0012/01000d.gt.txt,0012,sjd,28
train_part_3//0012/01000e.gt.txt,0012,sjd,28
train_part_3//0012/01000f.gt.txt,0012,sjd,28
train_part_3//0012/010010.gt.txt,0012,sjd,28
train_part_3//0013/010019.gt.txt,0013,sjd,29
train_part_3//0013/01001b.gt.txt,0013,sjd,29
train_part_3//0013/01001c.gt.txt,0013,sjd,29
train_part_3//0013/01001d.gt.txt,0013,sjd,29
train_part_3//0013/01001e.gt.txt,0013,sjd,29
train_part_3//0013/01001f.gt.txt,0013,sjd,29
train_part_3//0013/010020.gt.txt,0013,sjd,29
train_part_3//0013/010021.gt.txt,0013,sjd,29
train_part_3//0013/010022.gt.txt,0013,sjd,29
train_part_3//0013/010023.gt.txt,0013,sjd,29
train_part_3//0013/010024.gt.txt,0013,sjd,29
train_part_3//0013/010025.gt.txt,0013,sjd,29
train_part_3//0013/010026.gt.txt,0013,sjd,29
train_part_3//0013/010027.gt.txt,0013,sjd,29
train_part_3//0014/010001.gt.txt,0014,sjd,30
train_part_3//0014/010002.gt.txt,0014,sjd,30
train_part_3//0014/010003.gt.txt,0014,sjd,30
train_part_3//0014/010004.gt.txt,0014,sjd,30
train_part_3//0014/010005.gt.txt,0014,sjd,30
train_part_3//0014/010006.gt.txt,0014,sjd,30
train_part_3//0014/010007.gt.txt,0014,sjd,30
train_part_3//0014/010008.gt.txt,0014,sjd,30
train_part_3//0014/010009.gt.txt,0014,sjd,30
train_part_3//0014/01000a.gt.txt,0014,sjd,30
train_part_3//0014/01000b.gt.txt,0014,sjd,30
train_part_3//0014/01000c.gt.txt,0014,sjd,30
train_part_3//0014/01000d.gt.txt,0014,sjd,30
train_part_3//0014/01000e.gt.txt,0014,sjd,30
train_part_3//0014/01000f.gt.txt,0014,sjd,30
train_part_3//0014/010010.gt.txt,0014,sjd,30
train_part_3//0015/010013.gt.txt,0015,sjd,31
train_part_3//0015/010017.gt.txt,0015,sjd,31
train_part_3//0015/010018.gt.txt,0015,sjd,31
train_part_3//0015/010019.gt.txt,0015,sjd,31
train_part_3//0015/01001a.gt.txt,0015,sjd,31
train_part_3//0015/01001b.gt.txt,0015,sjd,31
train_part_3//0015/01001c.gt.txt,0015,sjd,31
train_part_3//0015/01001d.gt.txt,0015,sjd,31
train_part_3//0015/01001e.gt.txt,0015,sjd,31
train_part_3//0015/01001f.gt.txt,0015,sjd,31
train_part_3//0015/010020.gt.txt,0015,sjd,31
train_part_3//0015/010021.gt.txt,0015,sjd,31
train_part_3//0016/010001.gt.txt,0016,sjd,32
train_part_3//0016/010002.gt.txt,0016,sjd,32
train_part_3//0016/010003.gt.txt,0016,sjd,32
train_part_3//0016/010004.gt.txt,0016,sjd,32
train_part_3//0016/010005.gt.txt,0016,sjd,32
train_part_3//0016/010006.gt.txt,0016,sjd,32
train_part_3//0016/010007.gt.txt,0016,sjd,32
train_part_3//0016/010008.gt.txt,0016,sjd,32
train_part_3//0016/010009.gt.txt,0016,sjd,32
train_part_3//0016/01000a.gt.txt,0016,sjd,32
train_part_3//0016/01000b.gt.txt,0016,sjd,32
train_part_3//0016/01000c.gt.txt,0016,sjd,32
train_part_3//0016/01000d.gt.txt,0016,sjd,32
train_part_3//0016/01000e.gt.txt,0016,sjd,32
train_part_3//0016/01000f.gt.txt,0016,sjd,32
train_part_3//0016/010010.gt.txt,0016,sjd,32
train_part_3//0016/010011.gt.txt,0016,sjd,32
train_part_3//0016/010012.gt.txt,0016,sjd,32
train_part_3//0016/010013.gt.txt,0016,sjd,32
train_part_3//0016/010014.gt.txt,0016,sjd,32
train_part_3//0017/010001.gt.txt,0017,sjd,33
train_part_3//0017/010009.gt.txt,0017,sjd,33
train_part_3//0017/01000f.gt.txt,0017,sjd,33
train_part_3//0017/010010.gt.txt,0017,sjd,33
train_part_3//0017/010011.gt.txt,0017,sjd,33
train_part_3//0017/010012.gt.txt,0017,sjd,33
train_part_3//0017/010013.gt.txt,0017,sjd,33
train_part_3//0017/010014.gt.txt,0017,sjd,33
train_part_3//0017/010015.gt.txt,0017,sjd,33
train_part_3//0017/010016.gt.txt,0017,sjd,33
train_part_3//0017/010017.gt.txt,0017,sjd,33
train_part_3//0017/010018.gt.txt,0017,sjd,33
train_part_3//0017/010019.gt.txt,0017,sjd,33
train_part_3//0017/01001a.gt.txt,0017,sjd,33
train_part_3//0017/010023.gt.txt,0017,sjd,33
train_part_3//0017/010026.gt.txt,0017,sjd,33
train_part_3//0017/010028.gt.txt,0017,sjd,33
train_part_3//0017/010029.gt.txt,0017,sjd,33
train_part_3//0017/01002a.gt.txt,0017,sjd,33
train_part_3//0017/01002b.gt.txt,0017,sjd,33
train_part_3//0017/01002c.gt.txt,0017,sjd,33
train_part_3//0017/01002d.gt.txt,0017,sjd,33
train_part_3//0018/01000c.gt.txt,0018,sjd,34
train_part_3//0018/01000f.gt.txt,0018,sjd,34
train_part_3//0018/010010.gt.txt,0018,sjd,34
train_part_3//0018/010011.gt.txt,0018,sjd,34
train_part_3//0018/010012.gt.txt,0018,sjd,34
train_part_3//0018/010013.gt.txt,0018,sjd,34
train_part_3//0018/010014.gt.txt,0018,sjd,34
train_part_3//0018/010015.gt.txt,0018,sjd,34
train_part_3//0018/010016.gt.txt,0018,sjd,34
train_part_3//0018/010017.gt.txt,0018,sjd,34
train_part_3//0018/010018.gt.txt,0018,sjd,34
train_part_3//0018/010019.gt.txt,0018,sjd,34
train_part_3//0018/01001a.gt.txt,0018,sjd,34
train_part_3//0018/01001b.gt.txt,0018,sjd,34
train_part_3//0018/01001c.gt.txt,0018,sjd,34
train_part_3//0018/01001d.gt.txt,0018,sjd,34
train_part_3//0018/01001e.gt.txt,0018,sjd,34
train_part_3//0018/01001f.gt.txt,0018,sjd,34
train_part_3//0018/010020.gt.txt,0018,sjd,34
train_part_3//0018/010021.gt.txt,0018,sjd,34
train_part_3//0018/010022.gt.txt,0018,sjd,34
train_part_3//0020/010001.gt.txt,0020,sjd,36
train_part_3//0020/010003.gt.txt,0020,sjd,36
train_part_3//0020/010008.gt.txt,0020,sjd,36
train_part_3//0020/01000a.gt.txt,0020,sjd,36
train_part_3//0020/01000b.gt.txt,0020,sjd,36
train_part_3//0020/01000d.gt.txt,0020,sjd,36
train_part_3//0020/01000e.gt.txt,0020,sjd,36
train_part_3//0020/01000f.gt.txt,0020,sjd,36
train_part_3//0020/010010.gt.txt,0020,sjd,36
train_part_3//0020/010011.gt.txt,0020,sjd,36
train_part_3//0020/010012.gt.txt,0020,sjd,36
train_part_3//0020/010014.gt.txt,0020,sjd,36
train_part_3//0020/010015.gt.txt,0020,sjd,36
train_part_3//0020/010017.gt.txt,0020,sjd,36
train_part_3//0020/010018.gt.txt,0020,sjd,36
train_part_3//0020/01001f.gt.txt,0020,sjd,36
train_part_3//0020/010023.gt.txt,0020,sjd,36
train_part_3//0020/010024.gt.txt,0020,sjd,36
train_part_3//0020/010025.gt.txt,0020,sjd,36
train_part_3//0020/010026.gt.txt,0020,sjd,36
train_part_3//0020/010027.gt.txt,0020,sjd,36
train_part_3//0020/010028.gt.txt,0020,sjd,36
train_part_3//0020/010029.gt.txt,0020,sjd,36
train_part_3//0020/01002a.gt.txt,0020,sjd,36
train_part_3//0020/01002b.gt.txt,0020,sjd,36
train_part_3//0020/01002c.gt.txt,0020,sjd,36
train_part_3//0020/01002d.gt.txt,0020,sjd,36
train_part_3//0020/01002e.gt.txt,0020,sjd,36
train_part_3//0021/010001.gt.txt,0021,sjd,37
train_part_3//0021/010002.gt.txt,0021,sjd,37
train_part_3//0021/010003.gt.txt,0021,sjd,37
train_part_3//0021/010004.gt.txt,0021,sjd,37
train_part_3//0021/010005.gt.txt,0021,sjd,37
train_part_3//0021/010006.gt.txt,0021,sjd,37
train_part_3//0021/010007.gt.txt,0021,sjd,37
train_part_3//0021/010008.gt.txt,0021,sjd,37
train_part_3//0021/01001e.gt.txt,0021,sjd,37
train_part_3//0021/01001f.gt.txt,0021,sjd,37
train_part_3//0021/010020.gt.txt,0021,sjd,37
train_part_3//0021/010021.gt.txt,0021,sjd,37
train_part_3//0021/010022.gt.txt,0021,sjd,37
train_part_3//0021/010023.gt.txt,0021,sjd,37
train_part_3//0021/010024.gt.txt,0021,sjd,37
train_part_3//0021/010025.gt.txt,0021,sjd,37
train_part_3//0021/010026.gt.txt,0021,sjd,37
train_part_3//0021/010027.gt.txt,0021,sjd,37
train_part_3//0021/010028.gt.txt,0021,sjd,37
train_part_3//0022/010001.gt.txt,0022,sjd,38
train_part_3//0022/010002.gt.txt,0022,sjd,38
train_part_3//0022/010013.gt.txt,0022,sjd,38
train_part_3//0022/010014.gt.txt,0022,sjd,38
train_part_3//0022/010015.gt.txt,0022,sjd,38
train_part_3//0022/010016.gt.txt,0022,sjd,38
train_part_3//0022/010017.gt.txt,0022,sjd,38
train_part_3//0022/010018.gt.txt,0022,sjd,38
train_part_3//0022/010019.gt.txt,0022,sjd,38
train_part_3//0022/01001a.gt.txt,0022,sjd,38
train_part_3//0022/01002b.gt.txt,0022,sjd,38
train_part_3//0022/01002c.gt.txt,0022,sjd,38
train_part_3//0023/010001.gt.txt,0023,sjd,39
train_part_3//0023/010002.gt.txt,0023,sjd,39
train_part_3//0023/010003.gt.txt,0023,sjd,39
train_part_3//0023/010004.gt.txt,0023,sjd,39
train_part_3//0023/010005.gt.txt,0023,sjd,39
train_part_3//0023/010006.gt.txt,0023,sjd,39
train_part_3//0023/010007.gt.txt,0023,sjd,39
train_part_3//0023/010008.gt.txt,0023,sjd,39
train_part_3//0023/010009.gt.txt,0023,sjd,39
train_part_3//0023/01000a.gt.txt,0023,sjd,39
train_part_3//0023/01000b.gt.txt,0023,sjd,39
train_part_3//0023/01000c.gt.txt,0023,sjd,39
train_part_3//0023/01000d.gt.txt,0023,sjd,39
train_part_3//0023/01000e.gt.txt,0023,sjd,39
train_part_3//0023/01000f.gt.txt,0023,sjd,39
train_part_3//0023/010010.gt.txt,0023,sjd,39
train_part_3//0023/010011.gt.txt,0023,sjd,39
train_part_3//0023/010012.gt.txt,0023,sjd,39
train_part_3//0023/010013.gt.txt,0023,sjd,39
train_part_3//0023/010014.gt.txt,0023,sjd,39
train_part_3//0023/010015.gt.txt,0023,sjd,39
train_part_3//0023/010016.gt.txt,0023,sjd,39
train_part_3//0023/010017.gt.txt,0023,sjd,39
train_part_3//0023/010018.gt.txt,0023,sjd,39
train_part_3//0023/010019.gt.txt,0023,sjd,39
train_part_3//0023/01001a.gt.txt,0023,sjd,39
train_part_3//0023/01001b.gt.txt,0023,sjd,39
train_part_3//0023/01001c.gt.txt,0023,sjd,39
train_part_3//0023/01001d.gt.txt,0023,sjd,39
train_part_3//0023/01001e.gt.txt,0023,sjd,39
train_part_3//0023/01001f.gt.txt,0023,sjd,39
train_part_3//0024/010001.gt.txt,0024,sjd,40
train_part_3//0024/010002.gt.txt,0024,sjd,40
train_part_3//0024/010003.gt.txt,0024,sjd,40
train_part_3//0024/010004.gt.txt,0024,sjd,40
train_part_3//0024/010005.gt.txt,0024,sjd,40
train_part_3//0024/010006.gt.txt,0024,sjd,40
train_part_3//0024/010007.gt.txt,0024,sjd,40
train_part_3//0024/010008.gt.txt,0024,sjd,40
train_part_3//0024/010015.gt.txt,0024,sjd,40
train_part_3//0024/010016.gt.txt,0024,sjd,40
train_part_3//0024/010017.gt.txt,0024,sjd,40
train_part_3//0024/010019.gt.txt,0024,sjd,40
train_part_3//0024/01001a.gt.txt,0024,sjd,40
train_part_3//0024/01001b.gt.txt,0024,sjd,40
train_part_3//0024/01001c.gt.txt,0024,sjd,40
train_part_3//0024/010029.gt.txt,0024,sjd,40
train_part_3//0024/01002a.gt.txt,0024,sjd,40
train_part_3//0024/01002b.gt.txt,0024,sjd,40
train_part_3//0025/010001.gt.txt,0025,sjd,41
train_part_3//0025/010002.gt.txt,0025,sjd,41
train_part_3//0025/010003.gt.txt,0025,sjd,41
train_part_3//0025/010004.gt.txt,0025,sjd,41
train_part_3//0025/010005.gt.txt,0025,sjd,41
train_part_3//0025/010006.gt.txt,0025,sjd,41
train_part_3//0025/010007.gt.txt,0025,sjd,41
train_part_3//0025/010008.gt.txt,0025,sjd,41
train_part_3//0025/010009.gt.txt,0025,sjd,41
train_part_3//0025/01000a.gt.txt,0025,sjd,41
train_part_3//0025/01000b.gt.txt,0025,sjd,41
train_part_3//0025/01000c.gt.txt,0025,sjd,41
train_part_3//0025/01000d.gt.txt,0025,sjd,41
train_part_3//0025/01000e.gt.txt,0025,sjd,41
train_part_3//0025/01000f.gt.txt,0025,sjd,41
train_part_3//0025/010010.gt.txt,0025,sjd,41
train_part_3//0025/010011.gt.txt,0025,sjd,41
train_part_3//0025/010012.gt.txt,0025,sjd,41
train_part_3//0025/010013.gt.txt,0025,sjd,41
train_part_3//0025/010014.gt.txt,0025,sjd,41
train_part_3//0025/010015.gt.txt,0025,sjd,41
train_part_3//0025/010016.gt.txt,0025,sjd,41
train_part_3//0025/010017.gt.txt,0025,sjd,41
train_part_3//0025/010018.gt.txt,0025,sjd,41
train_part_3//0025/010019.gt.txt,0025,sjd,41
train_part_3//0025/01001a.gt.txt,0025,sjd,41
train_part_3//0025/01001b.gt.txt,0025,sjd,41
train_part_3//0025/01001c.gt.txt,0025,sjd,41
train_part_3//0025/01001d.gt.txt,0025,sjd,41
train_part_3//0026/010001.gt.txt,0026,sjd,42
train_part_3//0026/010002.gt.txt,0026,sjd,42
train_part_3//0026/010003.gt.txt,0026,sjd,42
train_part_3//0026/010004.gt.txt,0026,sjd,42
train_part_3//0026/010005.gt.txt,0026,sjd,42
train_part_3//0026/010006.gt.txt,0026,sjd,42
train_part_3//0026/010007.gt.txt,0026,sjd,42
train_part_3//0026/010008.gt.txt,0026,sjd,42
train_part_3//0026/010009.gt.txt,0026,sjd,42
train_part_3//0026/01000a.gt.txt,0026,sjd,42
train_part_3//0026/01000b.gt.txt,0026,sjd,42
train_part_3//0026/01000c.gt.txt,0026,sjd,42
train_part_3//0026/01000d.gt.txt,0026,sjd,42
train_part_3//0026/01000e.gt.txt,0026,sjd,42
train_part_3//0026/01000f.gt.txt,0026,sjd,42
train_part_3//0026/010010.gt.txt,0026,sjd,42
train_part_3//0026/010011.gt.txt,0026,sjd,42
train_part_3//0026/010012.gt.txt,0026,sjd,42
train_part_3//0026/010013.gt.txt,0026,sjd,42
train_part_3//0026/010014.gt.txt,0026,sjd,42
train_part_3//0026/010015.gt.txt,0026,sjd,42
train_part_3//0026/010016.gt.txt,0026,sjd,42
train_part_3//0026/010017.gt.txt,0026,sjd,42
train_part_3//0026/010018.gt.txt,0026,sjd,42
train_part_3//0026/010019.gt.txt,0026,sjd,42
train_part_3//0026/01001a.gt.txt,0026,sjd,42
train_part_3//0026/01001b.gt.txt,0026,sjd,42
train_part_3//0026/01001c.gt.txt,0026,sjd,42
train_part_3//0026/01001d.gt.txt,0026,sjd,42
train_part_3//0026/01001e.gt.txt,0026,sjd,42
train_part_3//0026/01001f.gt.txt,0026,sjd,42
train_part_3//0027/010001.gt.txt,0027,sjd,43
train_part_3//0027/010002.gt.txt,0027,sjd,43
train_part_3//0027/010003.gt.txt,0027,sjd,43
train_part_3//0027/010004.gt.txt,0027,sjd,43
train_part_3//0027/010005.gt.txt,0027,sjd,43
train_part_3//0027/010006.gt.txt,0027,sjd,43
train_part_3//0027/010007.gt.txt,0027,sjd,43
train_part_3//0027/010008.gt.txt,0027,sjd,43
train_part_3//0027/010009.gt.txt,0027,sjd,43
train_part_3//0027/01000a.gt.txt,0027,sjd,43
train_part_3//0027/01000b.gt.txt,0027,sjd,43
train_part_3//0027/01000c.gt.txt,0027,sjd,43
train_part_3//0027/01000d.gt.txt,0027,sjd,43
train_part_3//0027/01000e.gt.txt,0027,sjd,43
train_part_3//0027/01000f.gt.txt,0027,sjd,43
train_part_3//0027/010010.gt.txt,0027,sjd,43
train_part_3//0027/010011.gt.txt,0027,sjd,43
train_part_3//0027/010012.gt.txt,0027,sjd,43
train_part_3//0028/010001.gt.txt,0028,sjd,44
train_part_3//0028/010002.gt.txt,0028,sjd,44
train_part_3//0028/010003.gt.txt,0028,sjd,44
train_part_3//0028/010004.gt.txt,0028,sjd,44
train_part_3//0028/010005.gt.txt,0028,sjd,44
train_part_3//0028/010006.gt.txt,0028,sjd,44
train_part_3//0028/010007.gt.txt,0028,sjd,44
train_part_3//0028/010008.gt.txt,0028,sjd,44
train_part_3//0028/010009.gt.txt,0028,sjd,44
train_part_3//0028/01000a.gt.txt,0028,sjd,44
train_part_3//0028/01000b.gt.txt,0028,sjd,44
train_part_3//0028/01000c.gt.txt,0028,sjd,44
train_part_3//0028/01000d.gt.txt,0028,sjd,44
train_part_3//0028/01000e.gt.txt,0028,sjd,44
train_part_3//0028/01000f.gt.txt,0028,sjd,44
train_part_3//0028/010010.gt.txt,0028,sjd,44
train_part_3//0028/010011.gt.txt,0028,sjd,44
train_part_3//0028/010012.gt.txt,0028,sjd,44
train_part_3//0029/010001.gt.txt,0029,sjd,45
train_part_3//0029/010002.gt.txt,0029,sjd,45
train_part_3//0029/010003.gt.txt,0029,sjd,45
train_part_3//0029/010004.gt.txt,0029,sjd,45
train_part_3//0029/010005.gt.txt,0029,sjd,45
train_part_3//0029/010006.gt.txt,0029,sjd,45
train_part_3//0029/010007.gt.txt,0029,sjd,45
train_part_3//0029/010008.gt.txt,0029,sjd,45
train_part_3//0029/010009.gt.txt,0029,sjd,45
train_part_3//0029/01000a.gt.txt,0029,sjd,45
train_part_3//0029/01000b.gt.txt,0029,sjd,45
train_part_3//0029/01000c.gt.txt,0029,sjd,45
train_part_3//0029/01000d.gt.txt,0029,sjd,45
train_part_3//0029/01000e.gt.txt,0029,sjd,45
train_part_3//0029/01000f.gt.txt,0029,sjd,45
train_part_3//0029/010010.gt.txt,0029,sjd,45
train_part_3//0029/010011.gt.txt,0029,sjd,45
train_part_3//0029/010012.gt.txt,0029,sjd,45
train_part_3//0029/010013.gt.txt,0029,sjd,45
train_part_3//0029/010014.gt.txt,0029,sjd,45
train_part_3//0029/010015.gt.txt,0029,sjd,45
train_part_3//0029/010016.gt.txt,0029,sjd,45
train_part_3//0029/010017.gt.txt,0029,sjd,45
train_part_3//0029/010018.gt.txt,0029,sjd,45
train_part_3//0029/010019.gt.txt,0029,sjd,45
train_part_3//0029/01001a.gt.txt,0029,sjd,45
train_part_3//0029/01001b.gt.txt,0029,sjd,45
train_part_3//0029/01001c.gt.txt,0029,sjd,45
train_part_3//0029/01001d.gt.txt,0029,sjd,45
train_part_3//0029/01001e.gt.txt,0029,sjd,45
train_part_3//0030/010001.gt.txt,0030,sjd,46
train_part_3//0030/010002.gt.txt,0030,sjd,46
train_part_3//0030/010003.gt.txt,0030,sjd,46
train_part_3//0030/010004.gt.txt,0030,sjd,46
train_part_3//0030/010005.gt.txt,0030,sjd,46
train_part_3//0030/010006.gt.txt,0030,sjd,46
train_part_3//0030/010007.gt.txt,0030,sjd,46
train_part_3//0030/010008.gt.txt,0030,sjd,46
train_part_3//0030/010009.gt.txt,0030,sjd,46
train_part_3//0030/01000a.gt.txt,0030,sjd,46
train_part_3//0030/01000b.gt.txt,0030,sjd,46
train_part_3//0030/01000c.gt.txt,0030,sjd,46
train_part_3//0030/01000d.gt.txt,0030,sjd,46
train_part_3//0030/01000e.gt.txt,0030,sjd,46
train_part_3//0030/01000f.gt.txt,0030,sjd,46
train_part_3//0030/010010.gt.txt,0030,sjd,46
train_part_3//0030/010011.gt.txt,0030,sjd,46
train_part_3//0031/010001.gt.txt,0031,sjd,47
train_part_3//0031/010002.gt.txt,0031,sjd,47
train_part_3//0031/010003.gt.txt,0031,sjd,47
train_part_3//0031/010004.gt.txt,0031,sjd,47
train_part_3//0031/010005.gt.txt,0031,sjd,47
train_part_3//0031/010006.gt.txt,0031,sjd,47
train_part_3//0031/010007.gt.txt,0031,sjd,47
train_part_3//0031/010008.gt.txt,0031,sjd,47
train_part_3//0031/010009.gt.txt,0031,sjd,47
train_part_3//0031/01000a.gt.txt,0031,sjd,47
train_part_3//0031/01000b.gt.txt,0031,sjd,47
train_part_3//0031/01000c.gt.txt,0031,sjd,47
train_part_3//0031/01000d.gt.txt,0031,sjd,47
train_part_3//0031/01000e.gt.txt,0031,sjd,47
train_part_3//0031/01000f.gt.txt,0031,sjd,47
train_part_3//0031/010010.gt.txt,0031,sjd,47
train_part_3//0031/010011.gt.txt,0031,sjd,47
train_part_3//0031/010012.gt.txt,0031,sjd,47
train_part_3//0031/010013.gt.txt,0031,sjd,47
train_part_3//0031/010014.gt.txt,0031,sjd,47
train_part_3//0031/010015.gt.txt,0031,sjd,47
train_part_3//0031/010016.gt.txt,0031,sjd,47
train_part_3//0031/010017.gt.txt,0031,sjd,47
train_part_3//0031/010018.gt.txt,0031,sjd,47
train_part_3//0031/010019.gt.txt,0031,sjd,47
train_part_3//0031/01001a.gt.txt,0031,sjd,47
train_part_3//0031/01001b.gt.txt,0031,sjd,47
train_part_3//0031/01001c.gt.txt,0031,sjd,47
train_part_3//0031/01001d.gt.txt,0031,sjd,47
train_part_3//0031/01001e.gt.txt,0031,sjd,47
train_part_3//0032/010001.gt.txt,0032,sjd,48
train_part_3//0032/010002.gt.txt,0032,sjd,48
train_part_3//0032/010003.gt.txt,0032,sjd,48
train_part_3//0032/010004.gt.txt,0032,sjd,48
train_part_3//0032/010005.gt.txt,0032,sjd,48
train_part_3//0032/010006.gt.txt,0032,sjd,48
train_part_3//0032/010007.gt.txt,0032,sjd,48
train_part_3//0032/010008.gt.txt,0032,sjd,48
train_part_3//0032/010009.gt.txt,0032,sjd,48
train_part_3//0032/01000a.gt.txt,0032,sjd,48
train_part_3//0032/01000b.gt.txt,0032,sjd,48
train_part_3//0032/01000c.gt.txt,0032,sjd,48
train_part_3//0032/01000d.gt.txt,0032,sjd,48
train_part_3//0034/010001.gt.txt,0034,sjd,50
train_part_3//0034/010002.gt.txt,0034,sjd,50
train_part_3//0034/010003.gt.txt,0034,sjd,50
train_part_3//0034/010004.gt.txt,0034,sjd,50
train_part_3//0034/010005.gt.txt,0034,sjd,50
train_part_3//0034/010006.gt.txt,0034,sjd,50
train_part_3//0034/010007.gt.txt,0034,sjd,50
train_part_3//0034/010008.gt.txt,0034,sjd,50
train_part_3//0034/010009.gt.txt,0034,sjd,50
train_part_3//0034/01000a.gt.txt,0034,sjd,50
train_part_3//0034/01000b.gt.txt,0034,sjd,50
train_part_3//0034/01000c.gt.txt,0034,sjd,50
train_part_3//0034/01000d.gt.txt,0034,sjd,50
train_part_3//0034/01000e.gt.txt,0034,sjd,50
train_part_3//0034/01000f.gt.txt,0034,sjd,50
train_part_3//0034/010010.gt.txt,0034,sjd,50
train_part_3//0034/010011.gt.txt,0034,sjd,50
train_part_3//0034/010012.gt.txt,0034,sjd,50
train_part_3//0034/010013.gt.txt,0034,sjd,50
train_part_3//0034/010014.gt.txt,0034,sjd,50
train_part_3//0034/010015.gt.txt,0034,sjd,50
train_part_3//0034/010016.gt.txt,0034,sjd,50
train_part_3//0034/010017.gt.txt,0034,sjd,50
train_part_3//0034/010018.gt.txt,0034,sjd,50
train_part_3//0034/010019.gt.txt,0034,sjd,50
train_part_3//0034/01001a.gt.txt,0034,sjd,50
train_part_3//0034/01001b.gt.txt,0034,sjd,50
train_part_3//0034/01001c.gt.txt,0034,sjd,50
train_part_3//0034/01001d.gt.txt,0034,sjd,50
train_part_3//0034/01001e.gt.txt,0034,sjd,50
train_part_4//0008/010001.gt.txt,0008,sjd,52
train_part_4//0008/010002.gt.txt,0008,sjd,52
train_part_4//0008/010003.gt.txt,0008,sjd,52
train_part_4//0008/010004.gt.txt,0008,sjd,52
train_part_4//0008/010005.gt.txt,0008,sjd,52
train_part_4//0008/010006.gt.txt,0008,sjd,52
train_part_4//0008/010007.gt.txt,0008,sjd,52
train_part_4//0008/010008.gt.txt,0008,sjd,52
train_part_4//0008/010009.gt.txt,0008,sjd,52
train_part_4//0008/01000a.gt.txt,0008,sjd,52
train_part_4//0008/01000b.gt.txt,0008,sjd,52
train_part_4//0008/01000c.gt.txt,0008,sjd,52
train_part_4//0008/01000d.gt.txt,0008,sjd,52
train_part_4//0008/01000e.gt.txt,0008,sjd,52
train_part_4//0008/01000f.gt.txt,0008,sjd,52
train_part_4//0008/010010.gt.txt,0008,sjd,52
train_part_4//0008/010011.gt.txt,0008,sjd,52
train_part_4//0008/010012.gt.txt,0008,sjd,52
train_part_4//0008/010013.gt.txt,0008,sjd,52
train_part_4//0008/010014.gt.txt,0008,sjd,52
train_part_4//0008/010015.gt.txt,0008,sjd,52
train_part_4//0008/010016.gt.txt,0008,sjd,52
train_part_4//0008/010017.gt.txt,0008,sjd,52
train_part_4//0008/010018.gt.txt,0008,sjd,52
train_part_4//0008/010019.gt.txt,0008,sjd,52
train_part_4//0008/01001a.gt.txt,0008,sjd,52
train_part_4//0008/01001b.gt.txt,0008,sjd,52
train_part_4//0008/01001c.gt.txt,0008,sjd,52
train_part_4//0008/01001d.gt.txt,0008,sjd,52
train_part_4//0008/01001e.gt.txt,0008,sjd,52
train_part_4//0008/01001f.gt.txt,0008,sjd,52
train_part_4//0009/010001.gt.txt,0009,sjd,53
train_part_4//0009/010002.gt.txt,0009,sjd,53
train_part_4//0009/010003.gt.txt,0009,sjd,53
train_part_4//0009/010004.gt.txt,0009,sjd,53
train_part_4//0009/010005.gt.txt,0009,sjd,53
train_part_4//0009/010006.gt.txt,0009,sjd,53
train_part_4//0009/010007.gt.txt,0009,sjd,53
train_part_5//0003/010001.gt.txt,0003,sjd,54
train_part_5//0003/010003.gt.txt,0003,sjd,54
train_part_5//0003/010005.gt.txt,0003,sjd,54
train_part_5//0003/010006.gt.txt,0003,sjd,54
train_part_5//0003/010007.gt.txt,0003,sjd,54
train_part_5//0003/010008.gt.txt,0003,sjd,54
train_part_5//0003/01000a.gt.txt,0003,sjd,54
train_part_5//0003/01000b.gt.txt,0003,sjd,54
train_part_5//0003/01000c.gt.txt,0003,sjd,54
train_part_5//0003/01000d.gt.txt,0003,sjd,54
train_part_5//0003/01000e.gt.txt,0003,sjd,54
train_part_5//0003/01000f.gt.txt,0003,sjd,54
train_part_5//0003/010010.gt.txt,0003,sjd,54
train_part_5//0003/010011.gt.txt,0003,sjd,54
train_part_5//0003/010012.gt.txt,0003,sjd,54
train_part_5//0003/010013.gt.txt,0003,sjd,54
train_part_5//0003/010014.gt.txt,0003,sjd,54
train_part_5//0003/010015.gt.txt,0003,sjd,54
train_part_5//0003/010016.gt.txt,0003,sjd,54
train_part_5//0003/010017.gt.txt,0003,sjd,54
train_part_5//0003/010018.gt.txt,0003,sjd,54
train_part_5//0003/010019.gt.txt,0003,sjd,54
train_part_5//0003/01001a.gt.txt,0003,sjd,54
train_part_5//0003/01001b.gt.txt,0003,sjd,54
train_part_5//0003/01001c.gt.txt,0003,sjd,54
train_part_5//0004/010001.gt.txt,0004,sjd,55
train_part_5//0004/010002.gt.txt,0004,sjd,55
train_part_5//0004/010003.gt.txt,0004,sjd,55
train_part_5//0004/010004.gt.txt,0004,sjd,55
train_part_5//0004/010005.gt.txt,0004,sjd,55
train_part_5//0004/010006.gt.txt,0004,sjd,55
train_part_5//0004/010007.gt.txt,0004,sjd,55
train_part_5//0004/010012.gt.txt,0004,sjd,55
train_part_5//0004/010013.gt.txt,0004,sjd,55
train_part_5//0004/010014.gt.txt,0004,sjd,55
train_part_5//0004/010015.gt.txt,0004,sjd,55
train_part_5//0004/010016.gt.txt,0004,sjd,55
train_part_5//0004/010017.gt.txt,0004,sjd,55
train_part_5//0004/010018.gt.txt,0004,sjd,55
train_part_5//0004/010019.gt.txt,0004,sjd,55
train_part_5//0004/01001a.gt.txt,0004,sjd,55
train_part_5//0004/01001b.gt.txt,0004,sjd,55
train_part_5//0004/01001d.gt.txt,0004,sjd,55
train_part_5//0004/01001e.gt.txt,0004,sjd,55
train_part_5//0004/01001f.gt.txt,0004,sjd,55
train_part_5//0004/010020.gt.txt,0004,sjd,55
train_part_5//0004/010021.gt.txt,0004,sjd,55
train_part_5//0004/010022.gt.txt,0004,sjd,55
train_part_5//0004/010023.gt.txt,0004,sjd,55
train_part_5//0004/010024.gt.txt,0004,sjd,55
train_part_5//0004/010025.gt.txt,0004,sjd,55
train_part_5//0004/010026.gt.txt,0004,sjd,55
train_part_5//0004/010027.gt.txt,0004,sjd,55
train_part_6//0011/010001.gt.txt,0011,sjd,56
train_part_6//0011/010002.gt.txt,0011,sjd,56
train_part_6//0011/010003.gt.txt,0011,sjd,56
train_part_6//0011/010004.gt.txt,0011,sjd,56
train_part_6//0011/010005.gt.txt,0011,sjd,56
train_part_6//0011/010006.gt.txt,0011,sjd,56
train_part_6//0011/010007.gt.txt,0011,sjd,56
train_part_6//0011/010008.gt.txt,0011,sjd,56
train_part_6//0011/010009.gt.txt,0011,sjd,56
train_part_6//0011/01000a.gt.txt,0011,sjd,56
train_part_6//0011/01000b.gt.txt,0011,sjd,56
train_part_6//0011/01000c.gt.txt,0011,sjd,56
train_part_6//0011/01000d.gt.txt,0011,sjd,56
train_part_6//0011/01000e.gt.txt,0011,sjd,56
train_part_6//0011/01000f.gt.txt,0011,sjd,56
train_part_6//0011/010010.gt.txt,0011,sjd,56
train_part_6//0011/010011.gt.txt,0011,sjd,56
train_part_6//0011/010012.gt.txt,0011,sjd,56
train_part_6//0011/010013.gt.txt,0011,sjd,56
train_part_6//0011/010014.gt.txt,0011,sjd,56
train_part_6//0011/010015.gt.txt,0011,sjd,56
train_part_6//0011/010016.gt.txt,0011,sjd,56
train_part_6//0011/010017.gt.txt,0011,sjd,56
train_part_6//0011/010018.gt.txt,0011,sjd,56
train_part_6//0011/010019.gt.txt,0011,sjd,56
train_part_6//0011/01001a.gt.txt,0011,sjd,56
train_part_6//0011/01001b.gt.txt,0011,sjd,56
train_part_6//0011/01001c.gt.txt,0011,sjd,56
train_part_6//0011/01001d.gt.txt,0011,sjd,56
train_part_6//0011/01001e.gt.txt,0011,sjd,56
train_part_6//0011/01001f.gt.txt,0011,sjd,56
train_part_6//0012/010001.gt.txt,0012,sjd,57
train_part_6//0012/010002.gt.txt,0012,sjd,57
train_part_6//0012/010003.gt.txt,0012,sjd,57
train_part_6//0012/010004.gt.txt,0012,sjd,57
train_part_6//0012/010005.gt.txt,0012,sjd,57
train_part_6//0012/010006.gt.txt,0012,sjd,57
train_part_6//0012/010007.gt.txt,0012,sjd,57
train_part_6//0012/010008.gt.txt,0012,sjd,57
train_part_6//0012/010009.gt.txt,0012,sjd,57
train_part_6//0012/01000a.gt.txt,0012,sjd,57
train_part_6//0012/010014.gt.txt,0012,sjd,57
train_part_6//0012/010015.gt.txt,0012,sjd,57
train_part_6//0012/010016.gt.txt,0012,sjd,57
train_part_6//0012/010017.gt.txt,0012,sjd,57
train_part_6//0012/010018.gt.txt,0012,sjd,57
train_part_6//0012/010019.gt.txt,0012,sjd,57
train_part_6//0012/01001a.gt.txt,0012,sjd,57
train_part_6//0012/01001b.gt.txt,0012,sjd,57
train_part_6//0012/01001c.gt.txt,0012,sjd,57
train_part_6//0012/01001e.gt.txt,0012,sjd,57
train_part_6//0012/010022.gt.txt,0012,sjd,57
train_part_6//0012/010028.gt.txt,0012,sjd,57
train_part_6//0012/010029.gt.txt,0012,sjd,57
train_part_6//0012/01002a.gt.txt,0012,sjd,57
train_part_6//0012/01002b.gt.txt,0012,sjd,57
train_part_6//0012/01002c.gt.txt,0012,sjd,57
train_part_6//0012/01002d.gt.txt,0012,sjd,57
train_part_6//0012/01002e.gt.txt,0012,sjd,57
train_part_6//0013/010001.gt.txt,0013,sjd,58
train_part_6//0013/010002.gt.txt,0013,sjd,58
train_part_6//0013/010003.gt.txt,0013,sjd,58
train_part_6//0013/010004.gt.txt,0013,sjd,58
train_part_6//0013/010005.gt.txt,0013,sjd,58
train_part_6//0013/010006.gt.txt,0013,sjd,58
train_part_6//0013/010007.gt.txt,0013,sjd,58
train_part_6//0013/010008.gt.txt,0013,sjd,58
train_part_6//0013/010009.gt.txt,0013,sjd,58
train_part_6//0013/01000a.gt.txt,0013,sjd,58
train_part_6//0013/01000b.gt.txt,0013,sjd,58
train_part_6//0013/01000c.gt.txt,0013,sjd,58
train_part_6//0013/01000d.gt.txt,0013,sjd,58
train_part_6//0013/01000e.gt.txt,0013,sjd,58
train_part_6//0013/01000f.gt.txt,0013,sjd,58
train_part_6//0013/010010.gt.txt,0013,sjd,58
train_part_6//0013/010011.gt.txt,0013,sjd,58
train_part_6//0014/010001.gt.txt,0014,sjd,59
train_part_6//0014/010002.gt.txt,0014,sjd,59
train_part_6//0014/010003.gt.txt,0014,sjd,59
train_part_6//0014/010004.gt.txt,0014,sjd,59
train_part_6//0014/010005.gt.txt,0014,sjd,59
train_part_6//0014/010006.gt.txt,0014,sjd,59
train_part_6//0014/010007.gt.txt,0014,sjd,59
train_part_6//0014/010008.gt.txt,0014,sjd,59
train_part_6//0014/010009.gt.txt,0014,sjd,59
train_part_6//0014/01000a.gt.txt,0014,sjd,59
train_part_6//0014/01000b.gt.txt,0014,sjd,59
train_part_6//0014/01000c.gt.txt,0014,sjd,59
train_part_8//0003/01000d.gt.txt,0003,sjd,60
train_part_8//0003/01000f.gt.txt,0003,sjd,60
train_part_8//0003/010010.gt.txt,0003,sjd,60
train_part_8//0003/010011.gt.txt,0003,sjd,60
train_part_8//0003/010012.gt.txt,0003,sjd,60
train_part_8//0003/010013.gt.txt,0003,sjd,60
train_part_8//0003/010014.gt.txt,0003,sjd,60
train_part_8//0003/010015.gt.txt,0003,sjd,60
train_part_8//0003/010016.gt.txt,0003,sjd,60
train_part_8//0003/010017.gt.txt,0003,sjd,60
train_part_8//0003/010018.gt.txt,0003,sjd,60
train_part_8//0003/010019.gt.txt,0003,sjd,60
train_part_8//0003/01001a.gt.txt,0003,sjd,60
train_part_8//0003/01001b.gt.txt,0003,sjd,60
train_part_8//0003/01001c.gt.txt,0003,sjd,60
train_part_1//0010/010002.gt.txt,0010,yrk,7
train_part_1//0010/010003.gt.txt,0010,yrk,7
train_part_1//0010/010004.gt.txt,0010,yrk,7
train_part_1//0010/010005.gt.txt,0010,yrk,7
train_part_1//0010/010006.gt.txt,0010,yrk,7
train_part_1//0010/010007.gt.txt,0010,yrk,7
train_part_1//0010/010008.gt.txt,0010,yrk,7
train_part_1//0010/010009.gt.txt,0010,yrk,7
train_part_1//0010/01000a.gt.txt,0010,yrk,7
train_part_1//0010/01000b.gt.txt,0010,yrk,7
train_part_1//0010/01000c.gt.txt,0010,yrk,7
train_part_1//0010/01000d.gt.txt,0010,yrk,7
train_part_1//0010/01000e.gt.txt,0010,yrk,7
train_part_1//0010/01000f.gt.txt,0010,yrk,7
train_part_1//0010/010010.gt.txt,0010,yrk,7
train_part_1//0010/010011.gt.txt,0010,yrk,7
train_part_1//0010/010012.gt.txt,0010,yrk,7
train_part_1//0010/010013.gt.txt,0010,yrk,7
train_part_1//0010/010014.gt.txt,0010,yrk,7
train_part_1//0010/010015.gt.txt,0010,yrk,7
train_part_1//0010/010016.gt.txt,0010,yrk,7
train_part_1//0010/010017.gt.txt,0010,yrk,7
train_part_1//0010/010018.gt.txt,0010,yrk,7
train_part_1//0011/010001.gt.txt,0011,yrk,8
train_part_1//0011/010002.gt.txt,0011,yrk,8
train_part_1//0011/010003.gt.txt,0011,yrk,8
train_part_1//0011/010004.gt.txt,0011,yrk,8
train_part_1//0011/010005.gt.txt,0011,yrk,8
train_part_1//0011/010006.gt.txt,0011,yrk,8
train_part_1//0011/010007.gt.txt,0011,yrk,8
train_part_1//0011/010008.gt.txt,0011,yrk,8
train_part_1//0011/010009.gt.txt,0011,yrk,8
train_part_1//0011/01000a.gt.txt,0011,yrk,8
train_part_1//0011/01000b.gt.txt,0011,yrk,8
train_part_1//0011/01000c.gt.txt,0011,yrk,8
train_part_1//0011/01000d.gt.txt,0011,yrk,8
train_part_1//0011/01000e.gt.txt,0011,yrk,8
train_part_1//0011/01000f.gt.txt,0011,yrk,8
train_part_1//0011/010010.gt.txt,0011,yrk,8
train_part_1//0011/010011.gt.txt,0011,yrk,8
train_part_1//0011/010012.gt.txt,0011,yrk,8
train_part_1//0011/010013.gt.txt,0011,yrk,8
train_part_1//0011/010014.gt.txt,0011,yrk,8
train_part_1//0011/010015.gt.txt,0011,yrk,8
train_part_1//0011/010016.gt.txt,0011,yrk,8
train_part_1//0012/010002.gt.txt,0012,yrk,9
train_part_1//0012/010005.gt.txt,0012,yrk,9
train_part_1//0012/010010.gt.txt,0012,yrk,9
train_part_1//0012/010011.gt.txt,0012,yrk,9
train_part_1//0012/010012.gt.txt,0012,yrk,9
train_part_1//0012/010014.gt.txt,0012,yrk,9
train_part_1//0012/010016.gt.txt,0012,yrk,9
train_part_1//0012/010018.gt.txt,0012,yrk,9
train_part_1//0012/010019.gt.txt,0012,yrk,9
train_part_1//0012/01001a.gt.txt,0012,yrk,9
train_part_1//0012/01001b.gt.txt,0012,yrk,9
train_part_1//0012/01001c.gt.txt,0012,yrk,9
train_part_1//0012/01001d.gt.txt,0012,yrk,9
train_part_2//0022/010001.gt.txt,0022,yrk,10
train_part_2//0022/010002.gt.txt,0022,yrk,10
train_part_2//0022/010003.gt.txt,0022,yrk,10
train_part_2//0022/010004.gt.txt,0022,yrk,10
train_part_2//0022/010005.gt.txt,0022,yrk,10
train_part_2//0022/010006.gt.txt,0022,yrk,10
train_part_2//0022/010007.gt.txt,0022,yrk,10
train_part_2//0022/010008.gt.txt,0022,yrk,10
train_part_2//0022/01000a.gt.txt,0022,yrk,10
train_part_2//0022/01000b.gt.txt,0022,yrk,10
train_part_2//0022/01000c.gt.txt,0022,yrk,10
train_part_2//0022/01000d.gt.txt,0022,yrk,10
train_part_2//0022/01000e.gt.txt,0022,yrk,10
train_part_2//0022/01000f.gt.txt,0022,yrk,10
train_part_2//0022/010010.gt.txt,0022,yrk,10
train_part_2//0022/010011.gt.txt,0022,yrk,10
train_part_2//0022/010012.gt.txt,0022,yrk,10
train_part_2//0022/010013.gt.txt,0022,yrk,10
train_part_2//0022/010014.gt.txt,0022,yrk,10
train_part_2//0022/010015.gt.txt,0022,yrk,10
train_part_2//0022/010016.gt.txt,0022,yrk,10
train_part_2//0022/010017.gt.txt,0022,yrk,10
train_part_2//0022/010018.gt.txt,0022,yrk,10
train_part_2//0023/010002.gt.txt,0023,yrk,11
train_part_2//0023/010003.gt.txt,0023,yrk,11
train_part_2//0023/010004.gt.txt,0023,yrk,11
train_part_2//0023/010005.gt.txt,0023,yrk,11
train_part_2//0023/010006.gt.txt,0023,yrk,11
train_part_2//0023/010007.gt.txt,0023,yrk,11
train_part_2//0023/010008.gt.txt,0023,yrk,11
train_part_2//0023/010009.gt.txt,0023,yrk,11
train_part_2//0023/01000a.gt.txt,0023,yrk,11
train_part_2//0023/01000b.gt.txt,0023,yrk,11
train_part_2//0023/01000c.gt.txt,0023,yrk,11
train_part_2//0023/01000d.gt.txt,0023,yrk,11
train_part_2//0023/01000e.gt.txt,0023,yrk,11
train_part_2//0023/01000f.gt.txt,0023,yrk,11
train_part_2//0023/010010.gt.txt,0023,yrk,11
train_part_2//0023/010011.gt.txt,0023,yrk,11
train_part_2//0023/010012.gt.txt,0023,yrk,11
train_part_2//0023/010013.gt.txt,0023,yrk,11
train_part_2//0023/010014.gt.txt,0023,yrk,11
train_part_2//0023/010015.gt.txt,0023,yrk,11
train_part_2//0023/010016.gt.txt,0023,yrk,11
train_part_2//0023/010017.gt.txt,0023,yrk,11
train_part_2//0023/010018.gt.txt,0023,yrk,11
train_part_2//0023/010019.gt.txt,0023,yrk,11
train_part_2//0024/010001.gt.txt,0024,yrk,12
train_part_2//0024/010003.gt.txt,0024,yrk,12
train_part_2//0024/010004.gt.txt,0024,yrk,12
train_part_2//0024/010005.gt.txt,0024,yrk,12
train_part_2//0024/010006.gt.txt,0024,yrk,12
train_part_2//0024/010007.gt.txt,0024,yrk,12
train_part_2//0024/010008.gt.txt,0024,yrk,12
train_part_2//0024/01000b.gt.txt,0024,yrk,12
train_part_2//0024/01000d.gt.txt,0024,yrk,12
train_part_2//0024/01000e.gt.txt,0024,yrk,12
train_part_2//0024/01000f.gt.txt,0024,yrk,12
train_part_2//0024/010010.gt.txt,0024,yrk,12
train_part_2//0024/010011.gt.txt,0024,yrk,12
train_part_2//0024/010012.gt.txt,0024,yrk,12
train_part_2//0024/010013.gt.txt,0024,yrk,12
train_part_2//0024/010014.gt.txt,0024,yrk,12
train_part_2//0024/010016.gt.txt,0024,yrk,12
train_part_2//0024/010017.gt.txt,0024,yrk,12
train_part_2//0024/010018.gt.txt,0024,yrk,12
train_part_2//0024/010019.gt.txt,0024,yrk,12
train_part_2//0025/010002.gt.txt,0025,yrk,13
train_part_2//0025/010036.gt.txt,0025,yrk,13
train_part_2//0025/010037.gt.txt,0025,yrk,13
train_part_2//0025/010038.gt.txt,0025,yrk,13
train_part_2//0025/010039.gt.txt,0025,yrk,13
train_part_2//0025/01003a.gt.txt,0025,yrk,13
train_part_2//0026/010001.gt.txt,0026,yrk,14
train_part_2//0026/010023.gt.txt,0026,yrk,14
train_part_2//0026/010024.gt.txt,0026,yrk,14
train_part_2//0026/010025.gt.txt,0026,yrk,14
train_part_2//0026/010026.gt.txt,0026,yrk,14
train_part_2//0026/010027.gt.txt,0026,yrk,14
train_part_2//0027/010003.gt.txt,0027,yrk,15
train_part_2//0027/01002e.gt.txt,0027,yrk,15
train_part_2//0027/01002f.gt.txt,0027,yrk,15
train_part_2//0027/010030.gt.txt,0027,yrk,15
train_part_2//0027/010031.gt.txt,0027,yrk,15
train_part_2//0027/010032.gt.txt,0027,yrk,15
train_part_2//0028/010001.gt.txt,0028,yrk,16
train_part_2//0028/010017.gt.txt,0028,yrk,16
train_part_2//0028/010018.gt.txt,0028,yrk,16
train_part_2//0028/010019.gt.txt,0028,yrk,16
train_part_2//0028/01001a.gt.txt,0028,yrk,16
train_part_2//0028/01001b.gt.txt,0028,yrk,16
train_part_4//0010/010001.gt.txt,0010,yrk,51
train_part_4//0010/010002.gt.txt,0010,yrk,51
train_part_4//0010/010003.gt.txt,0010,yrk,51
train_part_4//0010/010004.gt.txt,0010,yrk,51
train_part_4//0010/010005.gt.txt,0010,yrk,51
train_part_4//0010/010006.gt.txt,0010,yrk,51
train_part_4//0010/010007.gt.txt,0010,yrk,51
train_part_4//0010/010008.gt.txt,0010,yrk,51
train_part_4//0010/010009.gt.txt,0010,yrk,51
train_part_4//0010/01000a.gt.txt,0010,yrk,51
train_part_4//0010/01000b.gt.txt,0010,yrk,51
train_part_4//0010/01000c.gt.txt,0010,yrk,51
train_part_4//0010/01000d.gt.txt,0010,yrk,51
train_part_4//0011/010001.gt.txt,0011,yrk,52
train_part_4//0011/010002.gt.txt,0011,yrk,52
train_part_4//0011/010003.gt.txt,0011,yrk,52
train_part_4//0011/010004.gt.txt,0011,yrk,52
train_part_4//0011/010005.gt.txt,0011,yrk,52
train_part_4//0011/010006.gt.txt,0011,yrk,52
train_part_4//0011/010007.gt.txt,0011,yrk,52
train_part_4//0011/010008.gt.txt,0011,yrk,52
train_part_4//0011/010009.gt.txt,0011,yrk,52
train_part_4//0011/01000a.gt.txt,0011,yrk,52
train_part_4//0011/01000b.gt.txt,0011,yrk,52
train_part_4//0011/01000c.gt.txt,0011,yrk,52
train_part_4//0011/01000d.gt.txt,0011,yrk,52
train_part_4//0011/01000e.gt.txt,0011,yrk,52
train_part_4//0011/01000f.gt.txt,0011,yrk,52
train_part_4//0011/010010.gt.txt,0011,yrk,52
train_part_4//0011/010011.gt.txt,0011,yrk,52
train_part_4//0012/010001.gt.txt,0012,yrk,53
train_part_4//0012/010002.gt.txt,0012,yrk,53
train_part_4//0012/010003.gt.txt,0012,yrk,53
train_part_4//0012/010004.gt.txt,0012,yrk,53
train_part_4//0012/010005.gt.txt,0012,yrk,53
train_part_4//0012/010006.gt.txt,0012,yrk,53
train_part_4//0012/010007.gt.txt,0012,yrk,53
train_part_4//0012/010008.gt.txt,0012,yrk,53
train_part_4//0012/010009.gt.txt,0012,yrk,53
train_part_4//0012/01000a.gt.txt,0012,yrk,53
train_part_4//0012/01000b.gt.txt,0012,yrk,53
train_part_4//0012/01000c.gt.txt,0012,yrk,53
train_part_4//0012/01000d.gt.txt,0012,yrk,53
train_part_4//0012/01000e.gt.txt,0012,yrk,53
train_part_4//0012/01000f.gt.txt,0012,yrk,53
train_part_4//0012/010010.gt.txt,0012,yrk,53
train_part_4//0012/010011.gt.txt,0012,yrk,53
train_part_4//0012/010013.gt.txt,0012,yrk,53
train_part_4//0012/010014.gt.txt,0012,yrk,53
train_part_4//0012/010015.gt.txt,0012,yrk,53
train_part_4//0012/010016.gt.txt,0012,yrk,53
train_part_4//0012/010017.gt.txt,0012,yrk,53
train_part_4//0012/010018.gt.txt,0012,yrk,53
train_part_4//0012/010019.gt.txt,0012,yrk,53
train_part_4//0012/01001a.gt.txt,0012,yrk,53
train_part_4//0012/01001b.gt.txt,0012,yrk,53
train_part_4//0012/01001c.gt.txt,0012,yrk,53
train_part_4//0012/01001d.gt.txt,0012,yrk,53
train_part_4//0012/01001e.gt.txt,0012,yrk,53
train_part_4//0012/010020.gt.txt,0012,yrk,53
train_part_5//0005/010033.gt.txt,0005,yrk,54
train_part_5//0005/010034.gt.txt,0005,yrk,54
train_part_5//0005/010035.gt.txt,0005,yrk,54
train_part_5//0005/010036.gt.txt,0005,yrk,54
train_part_5//0005/010037.gt.txt,0005,yrk,54
train_part_5//0005/010039.gt.txt,0005,yrk,54
train_part_5//0005/01003a.gt.txt,0005,yrk,54
train_part_5//0005/01003b.gt.txt,0005,yrk,54
train_part_5//0005/01003c.gt.txt,0005,yrk,54
train_part_5//0005/01003d.gt.txt,0005,yrk,54
train_part_5//0005/01003e.gt.txt,0005,yrk,54
train_part_5//0005/01003f.gt.txt,0005,yrk,54
train_part_5//0005/010040.gt.txt,0005,yrk,54
train_part_5//0005/010041.gt.txt,0005,yrk,54
train_part_5//0005/010042.gt.txt,0005,yrk,54
train_part_5//0006/010001.gt.txt,0006,yrk,55
train_part_5//0006/010002.gt.txt,0006,yrk,55
train_part_5//0006/010003.gt.txt,0006,yrk,55
train_part_5//0006/010004.gt.txt,0006,yrk,55
train_part_5//0006/010005.gt.txt,0006,yrk,55
train_part_5//0006/010006.gt.txt,0006,yrk,55
train_part_5//0006/010007.gt.txt,0006,yrk,55
train_part_5//0006/010008.gt.txt,0006,yrk,55
train_part_5//0006/010009.gt.txt,0006,yrk,55
train_part_5//0006/01000a.gt.txt,0006,yrk,55
train_part_5//0006/01000b.gt.txt,0006,yrk,55
train_part_5//0006/01000c.gt.txt,0006,yrk,55
train_part_5//0006/01000d.gt.txt,0006,yrk,55
train_part_5//0006/01000e.gt.txt,0006,yrk,55
train_part_5//0006/01000f.gt.txt,0006,yrk,55
train_part_5//0006/010010.gt.txt,0006,yrk,55
train_part_5//0006/010011.gt.txt,0006,yrk,55
train_part_5//0006/010012.gt.txt,0006,yrk,55
train_part_5//0006/010013.gt.txt,0006,yrk,55
train_part_5//0006/010014.gt.txt,0006,yrk,55
train_part_5//0006/010015.gt.txt,0006,yrk,55
train_part_5//0006/010016.gt.txt,0006,yrk,55
train_part_5//0006/010017.gt.txt,0006,yrk,55
train_part_5//0006/010018.gt.txt,0006,yrk,55
train_part_5//0006/010019.gt.txt,0006,yrk,55
train_part_5//0006/01001a.gt.txt,0006,yrk,55
train_part_5//0006/01001b.gt.txt,0006,yrk,55
train_part_5//0006/01001c.gt.txt,0006,yrk,55
train_part_5//0006/01001d.gt.txt,0006,yrk,55
train_part_5//0006/01001e.gt.txt,0006,yrk,55
train_part_6//0015/010002.gt.txt,0015,yrk,56
train_part_6//0015/010003.gt.txt,0015,yrk,56
train_part_6//0015/010004.gt.txt,0015,yrk,56
train_part_6//0015/010005.gt.txt,0015,yrk,56
train_part_6//0015/010006.gt.txt,0015,yrk,56
train_part_6//0015/010007.gt.txt,0015,yrk,56
train_part_6//0015/010008.gt.txt,0015,yrk,56
train_part_6//0015/010009.gt.txt,0015,yrk,56
train_part_6//0015/01000a.gt.txt,0015,yrk,56
train_part_6//0015/01000b.gt.txt,0015,yrk,56
train_part_6//0015/01000c.gt.txt,0015,yrk,56
train_part_6//0015/01000d.gt.txt,0015,yrk,56
train_part_6//0015/01000e.gt.txt,0015,yrk,56
train_part_6//0015/01000f.gt.txt,0015,yrk,56
train_part_6//0015/010010.gt.txt,0015,yrk,56
train_part_6//0015/010011.gt.txt,0015,yrk,56
train_part_6//0015/010012.gt.txt,0015,yrk,56
train_part_6//0015/010013.gt.txt,0015,yrk,56
train_part_6//0015/010014.gt.txt,0015,yrk,56
train_part_6//0015/010015.gt.txt,0015,yrk,56
train_part_6//0015/010016.gt.txt,0015,yrk,56
train_part_6//0015/010017.gt.txt,0015,yrk,56
train_part_6//0015/010018.gt.txt,0015,yrk,56
train_part_6//0015/010019.gt.txt,0015,yrk,56
train_part_6//0015/01001a.gt.txt,0015,yrk,56
train_part_6//0015/01001b.gt.txt,0015,yrk,56
train_part_6//0015/01001c.gt.txt,0015,yrk,56
train_part_6//0015/01001d.gt.txt,0015,yrk,56
train_part_6//0015/01001e.gt.txt,0015,yrk,56
train_part_6//0015/01001f.gt.txt,0015,yrk,56
train_part_6//0016/010001.gt.txt,0016,yrk,57
train_part_6//0016/010002.gt.txt,0016,yrk,57
train_part_6//0016/010003.gt.txt,0016,yrk,57
train_part_6//0016/010004.gt.txt,0016,yrk,57
train_part_6//0016/010005.gt.txt,0016,yrk,57
train_part_6//0016/010006.gt.txt,0016,yrk,57
train_part_6//0017/010001.gt.txt,0017,yrk,58
train_part_6//0017/010002.gt.txt,0017,yrk,58
train_part_6//0017/010003.gt.txt,0017,yrk,58
train_part_6//0017/010004.gt.txt,0017,yrk,58
train_part_6//0017/010005.gt.txt,0017,yrk,58
train_part_6//0017/010006.gt.txt,0017,yrk,58
train_part_6//0017/010007.gt.txt,0017,yrk,58
train_part_6//0017/010008.gt.txt,0017,yrk,58
train_part_6//0017/010009.gt.txt,0017,yrk,58
train_part_6//0017/01000a.gt.txt,0017,yrk,58
train_part_6//0017/01000b.gt.txt,0017,yrk,58
train_part_6//0017/01000c.gt.txt,0017,yrk,58
train_part_6//0017/01000d.gt.txt,0017,yrk,58
train_part_6//0017/01000e.gt.txt,0017,yrk,58
train_part_6//0017/01000f.gt.txt,0017,yrk,58
train_part_6//0017/010011.gt.txt,0017,yrk,58
train_part_6//0017/010012.gt.txt,0017,yrk,58
train_part_6//0017/010015.gt.txt,0017,yrk,58
train_part_6//0017/010016.gt.txt,0017,yrk,58
train_part_6//0017/010017.gt.txt,0017,yrk,58
train_part_6//0017/010018.gt.txt,0017,yrk,58
train_part_6//0017/010019.gt.txt,0017,yrk,58
train_part_6//0017/01001a.gt.txt,0017,yrk,58
train_part_6//0017/01001b.gt.txt,0017,yrk,58
train_part_6//0017/010020.gt.txt,0017,yrk,58
train_part_6//0017/010021.gt.txt,0017,yrk,58
train_part_6//0017/010022.gt.txt,0017,yrk,58
train_part_6//0017/010023.gt.txt,0017,yrk,58
train_part_6//0017/010024.gt.txt,0017,yrk,58
train_part_6//0017/010025.gt.txt,0017,yrk,58
train_part_6//0018/010001.gt.txt,0018,yrk,59
train_part_6//0018/010002.gt.txt,0018,yrk,59
train_part_6//0018/010003.gt.txt,0018,yrk,59
train_part_6//0018/010004.gt.txt,0018,yrk,59
train_part_6//0018/010005.gt.txt,0018,yrk,59
train_part_6//0018/010006.gt.txt,0018,yrk,59
train_part_6//0018/010007.gt.txt,0018,yrk,59
train_part_6//0018/010008.gt.txt,0018,yrk,59
train_part_6//0018/010009.gt.txt,0018,yrk,59
train_part_6//0018/01000a.gt.txt,0018,yrk,59
train_part_6//0018/01000b.gt.txt,0018,yrk,59
train_part_6//0018/01000c.gt.txt,0018,yrk,59
train_part_6//0018/01000d.gt.txt,0018,yrk,59
train_part_6//0018/01000e.gt.txt,0018,yrk,59
train_part_6//0018/01000f.gt.txt,0018,yrk,59
train_part_6//0018/010010.gt.txt,0018,yrk,59
train_part_6//0018/010011.gt.txt,0018,yrk,59
train_part_6//0018/010012.gt.txt,0018,yrk,59
train_part_6//0018/010013.gt.txt,0018,yrk,59
train_part_6//0018/010014.gt.txt,0018,yrk,59
train_part_6//0018/010015.gt.txt,0018,yrk,59
train_part_6//0018/010016.gt.txt,0018,yrk,59
train_part_6//0018/010017.gt.txt,0018,yrk,59
train_part_6//0018/010018.gt.txt,0018,yrk,59
train_part_6//0018/010019.gt.txt,0018,yrk,59
train_part_6//0018/01001a.gt.txt,0018,yrk,59
train_part_6//0018/01001b.gt.txt,0018,yrk,59
train_part_6//0018/01001c.gt.txt,0018,yrk,59
train_part_6//0018/01001d.gt.txt,0018,yrk,59
train_part_6//0018/01001e.gt.txt,0018,yrk,59
train_part_6//0018/01001f.gt.txt,0018,yrk,59
train_part_8//0004/010001.gt.txt,0004,yrk,60
train_part_8//0004/010002.gt.txt,0004,yrk,60
train_part_8//0004/010003.gt.txt,0004,yrk,60
train_part_8//0004/010004.gt.txt,0004,yrk,60
train_part_8//0004/010005.gt.txt,0004,yrk,60
train_part_8//0004/010007.gt.txt,0004,yrk,60
train_part_8//0004/010008.gt.txt,0004,yrk,60
train_part_8//0004/010009.gt.txt,0004,yrk,60
train_part_8//0004/01000a.gt.txt,0004,yrk,60
train_part_8//0004/01000b.gt.txt,0004,yrk,60
train_part_8//0004/01000c.gt.txt,0004,yrk,60
train_part_8//0004/01000d.gt.txt,0004,yrk,60
train_part_8//0004/01000e.gt.txt,0004,yrk,60
train_part_8//0004/01000f.gt.txt,0004,yrk,60
train_part_8//0004/010010.gt.txt,0004,yrk,60
train_part_8//0004/010011.gt.txt,0004,yrk,60
train_part_8//0004/010012.gt.txt,0004,yrk,60
train_part_8//0004/010013.gt.txt,0004,yrk,60
train_part_8//0004/010014.gt.txt,0004,yrk,60
train_part_8//0004/010015.gt.txt,0004,yrk,60
train_part_8//0004/010016.gt.txt,0004,yrk,60
train_part_8//0004/010019.gt.txt,0004,yrk,60
train_part_8//0004/01001a.gt.txt,0004,yrk,60
train_part_8//0004/01001b.gt.txt,0004,yrk,60
train_part_8//0004/01001c.gt.txt,0004,yrk,60
train_part_8//0004/01001d.gt.txt,0004,yrk,60
train_part_8//0004/01001e.gt.txt,0004,yrk,60
train_part_8//0004/01001f.gt.txt,0004,yrk,60
